Date,Day,Vehicle Name,Numbers,Intimes,Outtimes,Authorized,Month
2024-07-01,Monday,car,PY57ZI8597,2024-07-03 08:06:00,2024-07-03 16:08:00,Yes,July
2024-07-01,Monday,bike,JH07OD7858,2024-07-03 08:41:00,2024-07-03 15:17:00,No,July
2024-07-01,Monday,bus,MP21KC1413,2024-07-03 09:28:00,2024-07-03 16:33:00,No,July
2024-07-01,Monday,car,TN17WJ5465,2024-07-03 09:42:00,2024-07-03 15:09:00,No,July
2024-07-01,Monday,sumo,UA98TG8703,2024-07-03 09:46:00,2024-07-03 16:02:00,Yes,July
2024-07-01,Monday,bus,DD46UQ8578,2024-07-03 08:08:00,2024-07-03 15:04:00,No,July
2024-07-01,Monday,bus,MH39IH9881,2024-07-03 08:14:00,2024-07-03 16:21:00,Yes,July
2024-07-01,Monday,sumo,NL94XF4249,2024-07-03 09:43:00,2024-07-03 16:36:00,No,July
2024-07-01,Monday,scooter,NL61CG8964,2024-07-03 08:13:00,2024-07-03 16:07:00,No,July
2024-07-01,Monday,scooter,PB33HX7322,2024-07-03 08:31:00,2024-07-03 15:45:00,Yes,July
2024-07-01,Monday,bike,OR06XM0584,2024-07-03 08:38:00,2024-07-03 15:29:00,No,July
2024-07-01,Monday,bus,CH88QY2580,2024-07-03 09:46:00,2024-07-03 15:04:00,Yes,July
2024-07-01,Monday,bus,BR90UT3794,2024-07-03 08:09:00,2024-07-03 16:23:00,Yes,July
2024-07-01,Monday,scooter,DL37VQ3442,2024-07-03 09:29:00,2024-07-03 15:09:00,Yes,July
2024-07-01,Monday,scooter,CH54DY4293,2024-07-03 09:23:00,2024-07-03 16:39:00,Yes,July
2024-07-01,Monday,sumo,HP84XQ0724,2024-07-03 08:16:00,2024-07-03 15:07:00,Yes,July
2024-07-01,Monday,bus,DN24BM2099,2024-07-03 09:11:00,2024-07-03 16:36:00,No,July
2024-07-01,Monday,car,UP45LU2882,2024-07-03 09:40:00,2024-07-03 15:31:00,Yes,July
2024-07-01,Monday,bike,TN68YI0571,2024-07-03 08:22:00,2024-07-03 15:38:00,Yes,July
2024-07-01,Monday,bike,CH41FB5027,2024-07-03 08:19:00,2024-07-03 16:58:00,No,July
2024-07-01,Monday,bike,OD50ZT2810,2024-07-03 08:04:00,2024-07-03 16:50:00,No,July
2024-07-01,Monday,bike,MZ37KQ3417,2024-07-03 09:26:00,2024-07-03 15:37:00,Yes,July
2024-07-01,Monday,bike,UA69ZU1530,2024-07-03 09:31:00,2024-07-03 16:35:00,Yes,July
2024-07-02,Tuesday,bus,TS26MA4323,2024-07-03 08:45:00,2024-07-03 16:31:00,No,July
2024-07-02,Tuesday,sumo,OR05KF5198,2024-07-03 09:02:00,2024-07-03 16:21:00,No,July
2024-07-02,Tuesday,bike,AR83EO8109,2024-07-03 09:58:00,2024-07-03 16:12:00,Yes,July
2024-07-02,Tuesday,bike,OD06EC1385,2024-07-03 09:21:00,2024-07-03 15:17:00,No,July
2024-07-02,Tuesday,car,NL39BX5794,2024-07-03 09:13:00,2024-07-03 16:39:00,Yes,July
2024-07-02,Tuesday,scooter,NL76PY0873,2024-07-03 08:42:00,2024-07-03 15:03:00,Yes,July
2024-07-02,Tuesday,sumo,CG84AI8915,2024-07-03 09:43:00,2024-07-03 15:26:00,Yes,July
2024-07-02,Tuesday,sumo,AS34AE0012,2024-07-03 08:08:00,2024-07-03 15:41:00,No,July
2024-07-02,Tuesday,bus,ML01AP6919,2024-07-03 09:45:00,2024-07-03 15:54:00,No,July
2024-07-02,Tuesday,sumo,UP18FH3287,2024-07-03 09:22:00,2024-07-03 15:32:00,No,July
2024-07-02,Tuesday,scooter,GA36LY1037,2024-07-03 08:55:00,2024-07-03 15:41:00,No,July
2024-07-02,Tuesday,sumo,UP66IZ4116,2024-07-03 08:24:00,2024-07-03 16:08:00,No,July
2024-07-02,Tuesday,car,KL68FT8340,2024-07-03 08:51:00,2024-07-03 15:18:00,No,July
2024-07-02,Tuesday,scooter,HR12LE4863,2024-07-03 08:12:00,2024-07-03 15:36:00,Yes,July
2024-07-02,Tuesday,car,PY83SX0412,2024-07-03 09:00:00,2024-07-03 15:55:00,Yes,July
2024-07-02,Tuesday,scooter,DL58RY4883,2024-07-03 09:33:00,2024-07-03 15:27:00,Yes,July
2024-07-02,Tuesday,bike,PB17OV1724,2024-07-03 09:55:00,2024-07-03 16:20:00,Yes,July
2024-07-02,Tuesday,scooter,LA81IM6249,2024-07-03 09:09:00,2024-07-03 16:49:00,Yes,July
2024-07-02,Tuesday,bike,CH77FR3176,2024-07-03 08:55:00,2024-07-03 16:43:00,No,July
2024-07-02,Tuesday,scooter,SK62GA3460,2024-07-03 08:00:00,2024-07-03 16:17:00,No,July
2024-07-02,Tuesday,bike,GJ84OE0710,2024-07-03 08:29:00,2024-07-03 15:18:00,No,July
2024-07-02,Tuesday,bus,JH36TW4144,2024-07-03 09:41:00,2024-07-03 15:14:00,No,July
2024-07-02,Tuesday,car,HP75ID9512,2024-07-03 08:52:00,2024-07-03 16:39:00,No,July
2024-07-02,Tuesday,bike,RJ94ZB1669,2024-07-03 09:38:00,2024-07-03 16:39:00,Yes,July
2024-07-02,Tuesday,scooter,AR34TF4655,2024-07-03 08:14:00,2024-07-03 15:17:00,No,July
2024-07-02,Tuesday,car,GJ79KD9973,2024-07-03 09:39:00,2024-07-03 16:49:00,No,July
2024-07-02,Tuesday,sumo,HP58NU5368,2024-07-03 09:16:00,2024-07-03 16:18:00,Yes,July
2024-07-03,Wednesday,car,OT22NQ8349,2024-07-03 08:49:00,2024-07-03 15:04:00,No,July
2024-07-03,Wednesday,scooter,NL61FK7736,2024-07-03 09:18:00,2024-07-03 16:06:00,No,July
2024-07-03,Wednesday,scooter,JK20RI1469,2024-07-03 09:53:00,2024-07-03 16:14:00,No,July
2024-07-03,Wednesday,bike,AN40AK5120,2024-07-03 09:52:00,2024-07-03 15:41:00,No,July
2024-07-03,Wednesday,car,UA54UE6038,2024-07-03 08:58:00,2024-07-03 15:13:00,No,July
2024-07-03,Wednesday,sumo,CH07FZ8835,2024-07-03 09:32:00,2024-07-03 15:37:00,Yes,July
2024-07-03,Wednesday,bike,DN32LX5928,2024-07-03 08:41:00,2024-07-03 15:24:00,No,July
2024-07-03,Wednesday,bus,AS89GL7012,2024-07-03 08:05:00,2024-07-03 16:31:00,Yes,July
2024-07-03,Wednesday,sumo,OT47ND1456,2024-07-03 08:06:00,2024-07-03 16:10:00,Yes,July
2024-07-03,Wednesday,bus,JK73HO1543,2024-07-03 08:21:00,2024-07-03 15:09:00,Yes,July
2024-07-03,Wednesday,sumo,LD84JY2383,2024-07-03 09:01:00,2024-07-03 15:24:00,No,July
2024-07-03,Wednesday,scooter,PB31NV2374,2024-07-03 09:41:00,2024-07-03 16:21:00,No,July
2024-07-03,Wednesday,bike,GA69CU6409,2024-07-03 08:17:00,2024-07-03 15:36:00,Yes,July
2024-07-03,Wednesday,sumo,OR63CU0525,2024-07-03 08:39:00,2024-07-03 16:31:00,Yes,July
2024-07-03,Wednesday,car,PY95WJ9184,2024-07-03 09:49:00,2024-07-03 16:38:00,No,July
2024-07-03,Wednesday,car,MP56LX6311,2024-07-03 09:52:00,2024-07-03 15:13:00,Yes,July
2024-07-03,Wednesday,scooter,LD24IB7986,2024-07-03 08:55:00,2024-07-03 16:38:00,Yes,July
2024-07-04,Thursday,scooter,AN83YT0054,2024-07-03 08:31:00,2024-07-03 16:21:00,No,July
2024-07-04,Thursday,bus,OR58YU9192,2024-07-03 09:50:00,2024-07-03 16:26:00,No,July
2024-07-04,Thursday,scooter,LD96MW0189,2024-07-03 08:13:00,2024-07-03 16:57:00,No,July
2024-07-04,Thursday,bus,ML71OD8200,2024-07-03 08:56:00,2024-07-03 15:08:00,No,July
2024-07-04,Thursday,car,CG75EO4510,2024-07-03 08:46:00,2024-07-03 15:30:00,Yes,July
2024-07-04,Thursday,bus,LA25ZL1064,2024-07-03 09:20:00,2024-07-03 15:11:00,Yes,July
2024-07-04,Thursday,bus,RJ40IL7882,2024-07-03 08:25:00,2024-07-03 16:20:00,No,July
2024-07-04,Thursday,car,JK33BC5877,2024-07-03 09:36:00,2024-07-03 16:39:00,No,July
2024-07-04,Thursday,scooter,KA58ZT8417,2024-07-03 08:47:00,2024-07-03 16:25:00,Yes,July
2024-07-04,Thursday,bus,UA57FV2671,2024-07-03 08:57:00,2024-07-03 16:19:00,No,July
2024-07-04,Thursday,bike,AN45BQ2053,2024-07-03 08:50:00,2024-07-03 16:29:00,Yes,July
2024-07-04,Thursday,sumo,DD31HC2207,2024-07-03 08:44:00,2024-07-03 15:24:00,No,July
2024-07-04,Thursday,bus,GJ36SK5289,2024-07-03 09:36:00,2024-07-03 15:05:00,Yes,July
2024-07-05,Friday,sumo,RJ27ND0937,2024-07-03 08:16:00,2024-07-03 15:22:00,Yes,July
2024-07-05,Friday,bike,DL82GA1725,2024-07-03 09:40:00,2024-07-03 15:22:00,No,July
2024-07-05,Friday,car,RJ28GX1561,2024-07-03 09:12:00,2024-07-03 15:11:00,No,July
2024-07-05,Friday,sumo,SK74QR5661,2024-07-03 09:21:00,2024-07-03 16:01:00,Yes,July
2024-07-05,Friday,sumo,ML95AE0978,2024-07-03 09:39:00,2024-07-03 15:56:00,Yes,July
2024-07-05,Friday,car,MH07AF9899,2024-07-03 09:30:00,2024-07-03 16:36:00,No,July
2024-07-05,Friday,bike,UA07YH9056,2024-07-03 09:36:00,2024-07-03 15:33:00,No,July
2024-07-05,Friday,scooter,AS72LJ0897,2024-07-03 08:24:00,2024-07-03 16:20:00,No,July
2024-07-05,Friday,scooter,LA01TG6344,2024-07-03 08:36:00,2024-07-03 15:20:00,Yes,July
2024-07-05,Friday,bus,RJ73RA3342,2024-07-03 09:53:00,2024-07-03 16:38:00,No,July
2024-07-05,Friday,bike,MN56VE5621,2024-07-03 08:36:00,2024-07-03 15:19:00,Yes,July
2024-07-05,Friday,car,TN49AO9118,2024-07-03 09:17:00,2024-07-03 16:54:00,Yes,July
2024-07-05,Friday,car,GJ32AI4548,2024-07-03 08:39:00,2024-07-03 15:17:00,No,July
2024-07-05,Friday,sumo,OD06LE1846,2024-07-03 09:34:00,2024-07-03 16:39:00,Yes,July
2024-07-05,Friday,bus,CG43JZ1322,2024-07-03 09:09:00,2024-07-03 16:04:00,Yes,July
2024-07-05,Friday,scooter,ML27ML3801,2024-07-03 08:46:00,2024-07-03 15:47:00,Yes,July
2024-07-05,Friday,scooter,MH59XQ7217,2024-07-03 09:35:00,2024-07-03 15:02:00,No,July
2024-07-05,Friday,bike,MP89BU8840,2024-07-03 08:48:00,2024-07-03 16:29:00,Yes,July
2024-07-06,Saturday,car,DL58PM9580,2024-07-03 08:42:00,2024-07-03 16:41:00,No,July
2024-07-06,Saturday,bus,JK33YV9672,2024-07-03 08:09:00,2024-07-03 16:58:00,No,July
2024-07-06,Saturday,scooter,AS22QJ1403,2024-07-03 09:41:00,2024-07-03 16:37:00,Yes,July
2024-07-06,Saturday,sumo,GA49SO2929,2024-07-03 09:15:00,2024-07-03 16:26:00,Yes,July
2024-07-06,Saturday,scooter,LD52JP1927,2024-07-03 09:12:00,2024-07-03 15:05:00,No,July
2024-07-06,Saturday,scooter,OR93HY5948,2024-07-03 08:29:00,2024-07-03 16:06:00,No,July
2024-07-06,Saturday,scooter,HP18QB7370,2024-07-03 09:30:00,2024-07-03 15:41:00,Yes,July
2024-07-06,Saturday,car,PY32XY6350,2024-07-03 08:03:00,2024-07-03 15:44:00,Yes,July
2024-07-06,Saturday,sumo,OD54MO0968,2024-07-03 09:02:00,2024-07-03 16:02:00,Yes,July
2024-07-06,Saturday,bike,RJ37LM6896,2024-07-03 09:37:00,2024-07-03 16:30:00,No,July
2024-07-07,Sunday,car,UP64JM0036,2024-07-03 08:11:00,2024-07-03 16:06:00,No,July
2024-07-07,Sunday,bus,AS70XW7158,2024-07-03 08:47:00,2024-07-03 15:38:00,No,July
2024-07-07,Sunday,sumo,JH31CF8677,2024-07-03 08:39:00,2024-07-03 15:32:00,Yes,July
2024-07-07,Sunday,bike,AR37DK1019,2024-07-03 08:10:00,2024-07-03 15:46:00,Yes,July
2024-07-07,Sunday,sumo,SK78GH3824,2024-07-03 09:25:00,2024-07-03 15:12:00,No,July
2024-07-07,Sunday,bus,ML26KO5681,2024-07-03 08:46:00,2024-07-03 15:25:00,Yes,July
2024-07-07,Sunday,car,TR02PH9950,2024-07-03 08:14:00,2024-07-03 15:47:00,Yes,July
2024-07-07,Sunday,bike,KL08QI6464,2024-07-03 08:34:00,2024-07-03 16:53:00,Yes,July
2024-07-07,Sunday,sumo,MZ65PU8023,2024-07-03 08:55:00,2024-07-03 16:06:00,Yes,July
2024-07-07,Sunday,sumo,AR66KC1575,2024-07-03 09:56:00,2024-07-03 15:01:00,Yes,July
2024-07-07,Sunday,car,OT43SR7099,2024-07-03 08:05:00,2024-07-03 16:54:00,Yes,July
2024-07-07,Sunday,scooter,DN95YI1316,2024-07-03 09:16:00,2024-07-03 15:46:00,Yes,July
2024-07-07,Sunday,bus,TN65SG5295,2024-07-03 09:45:00,2024-07-03 16:27:00,No,July
2024-07-07,Sunday,bike,WB26FQ1744,2024-07-03 09:57:00,2024-07-03 15:06:00,Yes,July
2024-07-07,Sunday,bike,NL04PZ0332,2024-07-03 08:42:00,2024-07-03 16:50:00,No,July
2024-07-07,Sunday,bike,GJ79LE0102,2024-07-03 09:08:00,2024-07-03 15:01:00,Yes,July
2024-07-07,Sunday,bike,UK74LE6322,2024-07-03 08:18:00,2024-07-03 16:29:00,Yes,July
2024-07-07,Sunday,bike,NL12MF2926,2024-07-03 09:39:00,2024-07-03 15:29:00,Yes,July
2024-07-07,Sunday,bus,GJ42IW4518,2024-07-03 09:40:00,2024-07-03 16:28:00,No,July
2024-07-07,Sunday,scooter,UP57UJ0278,2024-07-03 09:41:00,2024-07-03 15:53:00,No,July
2024-07-07,Sunday,sumo,MZ92HR1536,2024-07-03 08:43:00,2024-07-03 16:50:00,No,July
2024-07-07,Sunday,sumo,PB93QZ9622,2024-07-03 08:22:00,2024-07-03 16:22:00,No,July
2024-07-07,Sunday,bus,CH53TC8498,2024-07-03 08:39:00,2024-07-03 15:00:00,No,July
2024-07-07,Sunday,bike,NL77OU1501,2024-07-03 09:10:00,2024-07-03 16:05:00,No,July
2024-07-07,Sunday,bus,KA57BI0733,2024-07-03 08:24:00,2024-07-03 15:37:00,Yes,July
2024-07-07,Sunday,scooter,OR43XY3293,2024-07-03 09:40:00,2024-07-03 16:16:00,No,July
2024-07-07,Sunday,bike,UK15GT5941,2024-07-03 09:39:00,2024-07-03 15:57:00,Yes,July
2024-07-08,Monday,sumo,HR48ZP3795,2024-07-03 09:40:00,2024-07-03 16:31:00,Yes,July
2024-07-08,Monday,sumo,DD59MO6533,2024-07-03 08:36:00,2024-07-03 16:11:00,Yes,July
2024-07-08,Monday,bus,JK19EK2936,2024-07-03 08:01:00,2024-07-03 15:48:00,No,July
2024-07-08,Monday,scooter,AR87VF8277,2024-07-03 08:57:00,2024-07-03 15:15:00,Yes,July
2024-07-08,Monday,bus,JK06QG9662,2024-07-03 08:13:00,2024-07-03 15:49:00,Yes,July
2024-07-08,Monday,sumo,MZ56WV4069,2024-07-03 09:40:00,2024-07-03 15:26:00,No,July
2024-07-08,Monday,bike,LD19BD1397,2024-07-03 08:01:00,2024-07-03 16:06:00,No,July
2024-07-08,Monday,bike,LA68JX7901,2024-07-03 09:48:00,2024-07-03 15:16:00,Yes,July
2024-07-08,Monday,scooter,TS82EF0125,2024-07-03 09:24:00,2024-07-03 16:58:00,Yes,July
2024-07-08,Monday,bike,OR83AK5341,2024-07-03 08:08:00,2024-07-03 15:38:00,Yes,July
2024-07-08,Monday,bus,TS08BI3233,2024-07-03 09:57:00,2024-07-03 16:05:00,No,July
2024-07-08,Monday,bike,KL57XL0706,2024-07-03 08:54:00,2024-07-03 15:57:00,No,July
2024-07-08,Monday,bus,RJ53PP1136,2024-07-03 08:33:00,2024-07-03 16:55:00,Yes,July
2024-07-08,Monday,scooter,PY57MJ4398,2024-07-03 09:16:00,2024-07-03 15:58:00,No,July
2024-07-08,Monday,sumo,UP60BD3782,2024-07-03 08:54:00,2024-07-03 15:42:00,No,July
2024-07-08,Monday,car,TN97YY6484,2024-07-03 08:40:00,2024-07-03 15:19:00,No,July
2024-07-08,Monday,bike,OD58YJ4196,2024-07-03 09:32:00,2024-07-03 15:13:00,Yes,July
2024-07-08,Monday,bus,DN28KE1572,2024-07-03 08:24:00,2024-07-03 16:36:00,No,July
2024-07-08,Monday,bike,KL34KR5266,2024-07-03 09:21:00,2024-07-03 16:36:00,No,July
2024-07-08,Monday,bus,UP30XW7499,2024-07-03 08:01:00,2024-07-03 16:25:00,No,July
2024-07-08,Monday,bus,BR87CQ2636,2024-07-03 08:41:00,2024-07-03 16:44:00,No,July
2024-07-08,Monday,bike,MZ76OY5813,2024-07-03 08:31:00,2024-07-03 16:22:00,No,July
2024-07-08,Monday,bus,KA65DW7867,2024-07-03 08:11:00,2024-07-03 15:58:00,No,July
2024-07-09,Tuesday,bike,RJ15IG1446,2024-07-03 08:23:00,2024-07-03 15:20:00,No,July
2024-07-09,Tuesday,sumo,NL37MA1118,2024-07-03 08:03:00,2024-07-03 16:32:00,Yes,July
2024-07-09,Tuesday,bike,HR35JW9891,2024-07-03 09:42:00,2024-07-03 15:48:00,Yes,July
2024-07-09,Tuesday,car,GA83BY7447,2024-07-03 09:43:00,2024-07-03 15:06:00,No,July
2024-07-09,Tuesday,scooter,KL24XW8202,2024-07-03 08:31:00,2024-07-03 15:47:00,Yes,July
2024-07-09,Tuesday,scooter,AR77DO7319,2024-07-03 08:41:00,2024-07-03 16:01:00,No,July
2024-07-09,Tuesday,car,TN42KI7562,2024-07-03 08:50:00,2024-07-03 16:22:00,Yes,July
2024-07-09,Tuesday,sumo,ML01DS5305,2024-07-03 08:05:00,2024-07-03 16:24:00,No,July
2024-07-09,Tuesday,car,UA06RP0945,2024-07-03 08:23:00,2024-07-03 15:39:00,Yes,July
2024-07-09,Tuesday,car,RJ60ZN0919,2024-07-03 09:16:00,2024-07-03 15:20:00,No,July
2024-07-09,Tuesday,bike,OT73FS3307,2024-07-03 08:25:00,2024-07-03 15:22:00,Yes,July
2024-07-09,Tuesday,car,SK61AQ0467,2024-07-03 08:26:00,2024-07-03 16:41:00,No,July
2024-07-09,Tuesday,scooter,NL32ZZ0241,2024-07-03 09:43:00,2024-07-03 15:33:00,Yes,July
2024-07-09,Tuesday,bike,MP98RC1573,2024-07-03 08:01:00,2024-07-03 16:23:00,No,July
2024-07-09,Tuesday,car,HR44VZ7159,2024-07-03 08:42:00,2024-07-03 15:39:00,Yes,July
2024-07-09,Tuesday,car,MH54GO9539,2024-07-03 08:06:00,2024-07-03 15:23:00,No,July
2024-07-09,Tuesday,bike,MP67BW1262,2024-07-03 09:52:00,2024-07-03 15:05:00,Yes,July
2024-07-09,Tuesday,bus,GA89DB4301,2024-07-03 09:51:00,2024-07-03 16:19:00,No,July
2024-07-09,Tuesday,car,OT47UU6280,2024-07-03 08:13:00,2024-07-03 15:02:00,Yes,July
2024-07-09,Tuesday,scooter,JH19FR6399,2024-07-03 08:03:00,2024-07-03 15:32:00,Yes,July
2024-07-09,Tuesday,sumo,WB27SF7537,2024-07-03 08:28:00,2024-07-03 16:56:00,No,July
2024-07-09,Tuesday,bike,OT55LS5358,2024-07-03 09:28:00,2024-07-03 16:27:00,Yes,July
2024-07-10,Wednesday,sumo,CG10AT0035,2024-07-03 08:35:00,2024-07-03 16:13:00,No,July
2024-07-10,Wednesday,sumo,MZ85DV1379,2024-07-03 09:16:00,2024-07-03 16:24:00,Yes,July
2024-07-10,Wednesday,scooter,CG43KH0963,2024-07-03 08:22:00,2024-07-03 16:43:00,Yes,July
2024-07-10,Wednesday,bike,GJ91ID3918,2024-07-03 08:58:00,2024-07-03 16:33:00,Yes,July
2024-07-10,Wednesday,bus,CG66YC0814,2024-07-03 08:25:00,2024-07-03 15:52:00,No,July
2024-07-10,Wednesday,bike,HP24YI6884,2024-07-03 08:12:00,2024-07-03 15:21:00,No,July
2024-07-10,Wednesday,scooter,MN78HV8732,2024-07-03 09:48:00,2024-07-03 16:24:00,Yes,July
2024-07-10,Wednesday,car,DL59IE6071,2024-07-03 09:12:00,2024-07-03 16:29:00,No,July
2024-07-10,Wednesday,sumo,DN51LP3672,2024-07-03 08:25:00,2024-07-03 16:35:00,No,July
2024-07-10,Wednesday,sumo,RJ44VU0491,2024-07-03 09:57:00,2024-07-03 15:08:00,Yes,July
2024-07-10,Wednesday,scooter,OR48RL4336,2024-07-03 09:05:00,2024-07-03 16:20:00,No,July
2024-07-10,Wednesday,bus,HR20FE4399,2024-07-03 09:15:00,2024-07-03 16:19:00,Yes,July
2024-07-11,Thursday,bike,TR21WL2475,2024-07-03 08:12:00,2024-07-03 16:39:00,No,July
2024-07-11,Thursday,sumo,PB61II8497,2024-07-03 09:06:00,2024-07-03 16:26:00,Yes,July
2024-07-11,Thursday,car,RJ11QD9247,2024-07-03 09:39:00,2024-07-03 16:01:00,No,July
2024-07-11,Thursday,scooter,GA72OP0355,2024-07-03 09:05:00,2024-07-03 15:22:00,No,July
2024-07-11,Thursday,car,OD14QM8732,2024-07-03 09:41:00,2024-07-03 16:41:00,Yes,July
2024-07-11,Thursday,sumo,MN76DP9686,2024-07-03 08:46:00,2024-07-03 16:43:00,Yes,July
2024-07-11,Thursday,bus,HR63IO1622,2024-07-03 08:04:00,2024-07-03 15:52:00,Yes,July
2024-07-11,Thursday,bike,CH12ZO2394,2024-07-03 09:13:00,2024-07-03 15:43:00,Yes,July
2024-07-11,Thursday,sumo,MN27FS6815,2024-07-03 08:19:00,2024-07-03 16:31:00,Yes,July
2024-07-11,Thursday,scooter,AR07IZ0711,2024-07-03 09:17:00,2024-07-03 16:15:00,Yes,July
2024-07-11,Thursday,scooter,CH86SK5964,2024-07-03 09:43:00,2024-07-03 15:50:00,No,July
2024-07-11,Thursday,bike,CG87ZR3608,2024-07-03 08:43:00,2024-07-03 15:40:00,Yes,July
2024-07-11,Thursday,sumo,AS26PW4917,2024-07-03 09:42:00,2024-07-03 16:43:00,Yes,July
2024-07-11,Thursday,bike,ML81UJ3178,2024-07-03 09:24:00,2024-07-03 16:50:00,Yes,July
2024-07-12,Friday,scooter,CG09FW3757,2024-07-03 08:03:00,2024-07-03 15:01:00,Yes,July
2024-07-12,Friday,car,WB07JW3794,2024-07-03 08:20:00,2024-07-03 16:31:00,Yes,July
2024-07-12,Friday,sumo,DD44AU8825,2024-07-03 08:05:00,2024-07-03 16:46:00,No,July
2024-07-12,Friday,bus,DL31BD7879,2024-07-03 08:21:00,2024-07-03 15:19:00,No,July
2024-07-12,Friday,bike,OD98ZZ9557,2024-07-03 08:20:00,2024-07-03 15:31:00,Yes,July
2024-07-12,Friday,car,CG85UA7978,2024-07-03 09:51:00,2024-07-03 15:09:00,No,July
2024-07-12,Friday,bike,MH57NG7836,2024-07-03 08:37:00,2024-07-03 15:57:00,Yes,July
2024-07-12,Friday,bus,JK47XR0527,2024-07-03 09:46:00,2024-07-03 16:53:00,No,July
2024-07-12,Friday,bike,SK58CT3459,2024-07-03 09:02:00,2024-07-03 16:36:00,Yes,July
2024-07-12,Friday,sumo,AR60HN5532,2024-07-03 09:54:00,2024-07-03 15:22:00,Yes,July
2024-07-12,Friday,bus,KA24CU9967,2024-07-03 08:10:00,2024-07-03 15:39:00,No,July
2024-07-12,Friday,car,UA86ON9630,2024-07-03 09:44:00,2024-07-03 16:29:00,Yes,July
2024-07-12,Friday,scooter,CG05RS8216,2024-07-03 09:41:00,2024-07-03 15:27:00,No,July
2024-07-12,Friday,sumo,GJ79OM3305,2024-07-03 09:31:00,2024-07-03 15:01:00,No,July
2024-07-12,Friday,scooter,MH20SU6816,2024-07-03 08:42:00,2024-07-03 15:47:00,No,July
2024-07-12,Friday,bike,LD21AX3124,2024-07-03 09:15:00,2024-07-03 16:07:00,No,July
2024-07-12,Friday,sumo,MP03CQ6536,2024-07-03 08:27:00,2024-07-03 15:27:00,Yes,July
2024-07-12,Friday,bike,PY47FN7351,2024-07-03 08:02:00,2024-07-03 16:47:00,Yes,July
2024-07-12,Friday,bus,GA56GJ0418,2024-07-03 09:37:00,2024-07-03 16:29:00,No,July
2024-07-12,Friday,bus,MZ02TU9699,2024-07-03 08:07:00,2024-07-03 15:16:00,No,July
2024-07-13,Saturday,bike,GJ00CZ1171,2024-07-03 08:51:00,2024-07-03 15:43:00,No,July
2024-07-13,Saturday,bus,CG10HZ0127,2024-07-03 08:21:00,2024-07-03 16:00:00,Yes,July
2024-07-13,Saturday,car,LA47RQ8694,2024-07-03 08:38:00,2024-07-03 16:26:00,No,July
2024-07-13,Saturday,bus,DN64PI3197,2024-07-03 08:43:00,2024-07-03 15:56:00,Yes,July
2024-07-13,Saturday,sumo,KA13ID1831,2024-07-03 09:20:00,2024-07-03 16:25:00,Yes,July
2024-07-13,Saturday,scooter,PB45JI0065,2024-07-03 08:24:00,2024-07-03 15:49:00,No,July
2024-07-13,Saturday,car,OT69PP4678,2024-07-03 08:32:00,2024-07-03 16:31:00,No,July
2024-07-13,Saturday,bus,DN51FZ0365,2024-07-03 08:28:00,2024-07-03 16:00:00,No,July
2024-07-13,Saturday,bike,UP61JV7279,2024-07-03 09:21:00,2024-07-03 16:47:00,Yes,July
2024-07-13,Saturday,bike,CH17PU1230,2024-07-03 08:28:00,2024-07-03 15:06:00,No,July
2024-07-13,Saturday,scooter,DD63EB1198,2024-07-03 08:32:00,2024-07-03 15:51:00,Yes,July
2024-07-13,Saturday,bus,LD12VP2472,2024-07-03 08:45:00,2024-07-03 16:46:00,Yes,July
2024-07-13,Saturday,car,MP36EX3980,2024-07-03 09:14:00,2024-07-03 16:35:00,No,July
2024-07-13,Saturday,sumo,CG17DY7373,2024-07-03 09:42:00,2024-07-03 16:50:00,Yes,July
2024-07-13,Saturday,bus,OD83AJ3426,2024-07-03 08:29:00,2024-07-03 16:15:00,No,July
2024-07-14,Sunday,bike,MN66VY3885,2024-07-03 08:54:00,2024-07-03 15:47:00,No,July
2024-07-14,Sunday,car,UP72FV7714,2024-07-03 09:11:00,2024-07-03 15:16:00,No,July
2024-07-14,Sunday,scooter,CG97LN0565,2024-07-03 09:03:00,2024-07-03 15:52:00,Yes,July
2024-07-14,Sunday,bike,MP63YB5585,2024-07-03 08:42:00,2024-07-03 15:10:00,Yes,July
2024-07-14,Sunday,car,WB64NS9160,2024-07-03 08:17:00,2024-07-03 15:45:00,Yes,July
2024-07-14,Sunday,bike,MH56QF5269,2024-07-03 08:27:00,2024-07-03 16:40:00,No,July
2024-07-14,Sunday,sumo,SK23CM0361,2024-07-03 09:56:00,2024-07-03 16:11:00,No,July
2024-07-14,Sunday,bus,KA10QP4622,2024-07-03 08:00:00,2024-07-03 16:37:00,No,July
2024-07-14,Sunday,bus,HR42OS1638,2024-07-03 09:58:00,2024-07-03 16:55:00,No,July
2024-07-14,Sunday,car,HP78EE0286,2024-07-03 08:57:00,2024-07-03 16:00:00,No,July
2024-07-14,Sunday,sumo,UA64JP1716,2024-07-03 08:42:00,2024-07-03 16:26:00,Yes,July
2024-07-14,Sunday,bus,HR78OG7837,2024-07-03 09:13:00,2024-07-03 15:42:00,No,July
2024-07-14,Sunday,scooter,LD95KD0120,2024-07-03 09:24:00,2024-07-03 16:20:00,Yes,July
2024-07-14,Sunday,sumo,OT25BG8647,2024-07-03 09:02:00,2024-07-03 16:42:00,Yes,July
2024-07-14,Sunday,bus,RJ73DR9874,2024-07-03 09:52:00,2024-07-03 16:20:00,No,July
2024-07-14,Sunday,car,OD77FR0203,2024-07-03 09:18:00,2024-07-03 16:30:00,No,July
2024-07-14,Sunday,bus,NL51FH7217,2024-07-03 09:11:00,2024-07-03 16:08:00,Yes,July
2024-07-14,Sunday,bus,LA11IS0882,2024-07-03 09:10:00,2024-07-03 15:02:00,Yes,July
2024-07-15,Monday,bike,JK98MN1082,2024-07-03 08:04:00,2024-07-03 16:55:00,No,July
2024-07-15,Monday,scooter,MZ62AC5126,2024-07-03 08:56:00,2024-07-03 16:36:00,Yes,July
2024-07-15,Monday,car,TN63UK6395,2024-07-03 09:11:00,2024-07-03 16:51:00,Yes,July
2024-07-15,Monday,sumo,KA81QG3083,2024-07-03 08:16:00,2024-07-03 15:56:00,Yes,July
2024-07-15,Monday,bus,CG40TH2536,2024-07-03 09:47:00,2024-07-03 15:24:00,Yes,July
2024-07-15,Monday,scooter,MZ22DW5258,2024-07-03 09:17:00,2024-07-03 16:06:00,No,July
2024-07-15,Monday,bus,RJ59TS7938,2024-07-03 08:32:00,2024-07-03 15:00:00,Yes,July
2024-07-15,Monday,bike,CH21EL7065,2024-07-03 08:21:00,2024-07-03 16:41:00,No,July
2024-07-15,Monday,scooter,RJ79AN7481,2024-07-03 09:36:00,2024-07-03 16:13:00,No,July
2024-07-15,Monday,scooter,AS53FF9304,2024-07-03 09:58:00,2024-07-03 16:05:00,Yes,July
2024-07-15,Monday,bus,HP12JM0071,2024-07-03 08:21:00,2024-07-03 15:17:00,No,July
2024-07-15,Monday,car,DD34BQ2084,2024-07-03 09:52:00,2024-07-03 16:40:00,No,July
2024-07-15,Monday,scooter,WB75TY6506,2024-07-03 08:56:00,2024-07-03 16:04:00,Yes,July
2024-07-15,Monday,bus,OT09XP3056,2024-07-03 08:58:00,2024-07-03 15:52:00,No,July
2024-07-15,Monday,sumo,HR52KF3649,2024-07-03 08:00:00,2024-07-03 15:24:00,Yes,July
2024-07-15,Monday,bike,KA87PT0561,2024-07-03 08:49:00,2024-07-03 16:27:00,Yes,July
2024-07-15,Monday,bike,LD21XM8571,2024-07-03 09:49:00,2024-07-03 16:57:00,No,July
2024-07-15,Monday,bus,ML27VC3075,2024-07-03 08:08:00,2024-07-03 15:42:00,No,July
2024-07-15,Monday,car,DL79SF4879,2024-07-03 08:09:00,2024-07-03 16:58:00,Yes,July
2024-07-15,Monday,car,PB59OU6379,2024-07-03 08:36:00,2024-07-03 16:18:00,Yes,July
2024-07-15,Monday,scooter,JH07JJ4835,2024-07-03 09:09:00,2024-07-03 15:48:00,Yes,July
2024-07-15,Monday,sumo,CH42QK1602,2024-07-03 08:07:00,2024-07-03 16:14:00,Yes,July
2024-07-15,Monday,sumo,MN13XN8215,2024-07-03 08:20:00,2024-07-03 16:39:00,Yes,July
2024-07-16,Tuesday,bike,JK66QF2565,2024-07-03 08:27:00,2024-07-03 15:16:00,No,July
2024-07-16,Tuesday,bus,SK25SD3823,2024-07-03 08:48:00,2024-07-03 16:49:00,Yes,July
2024-07-16,Tuesday,bike,AN39ON1817,2024-07-03 09:49:00,2024-07-03 16:58:00,Yes,July
2024-07-16,Tuesday,bike,DL59OZ1246,2024-07-03 08:18:00,2024-07-03 15:03:00,No,July
2024-07-16,Tuesday,car,MP00QJ6707,2024-07-03 09:17:00,2024-07-03 15:45:00,No,July
2024-07-16,Tuesday,car,OD52XS6799,2024-07-03 09:55:00,2024-07-03 16:32:00,No,July
2024-07-16,Tuesday,sumo,AR46LJ5640,2024-07-03 09:16:00,2024-07-03 15:13:00,No,July
2024-07-16,Tuesday,car,NL32VY8306,2024-07-03 09:04:00,2024-07-03 16:35:00,No,July
2024-07-16,Tuesday,bike,MH68WG8492,2024-07-03 09:03:00,2024-07-03 15:51:00,Yes,July
2024-07-16,Tuesday,car,AS04DJ1511,2024-07-03 09:17:00,2024-07-03 15:00:00,No,July
2024-07-16,Tuesday,sumo,AN42XY4112,2024-07-03 09:01:00,2024-07-03 15:34:00,No,July
2024-07-16,Tuesday,scooter,KL12UE2760,2024-07-03 09:26:00,2024-07-03 16:46:00,Yes,July
2024-07-16,Tuesday,scooter,MZ03FO9543,2024-07-03 09:35:00,2024-07-03 16:41:00,Yes,July
2024-07-16,Tuesday,car,MH83BL5797,2024-07-03 08:03:00,2024-07-03 15:44:00,No,July
2024-07-16,Tuesday,sumo,AR55TY0603,2024-07-03 08:10:00,2024-07-03 16:16:00,No,July
2024-07-16,Tuesday,bus,BR86OB2482,2024-07-03 08:56:00,2024-07-03 16:51:00,No,July
2024-07-16,Tuesday,bus,CG55LZ2734,2024-07-03 09:18:00,2024-07-03 16:25:00,Yes,July
2024-07-16,Tuesday,scooter,OT64OI2940,2024-07-03 08:17:00,2024-07-03 16:44:00,Yes,July
2024-07-16,Tuesday,sumo,OR46UA8807,2024-07-03 08:43:00,2024-07-03 15:43:00,No,July
2024-07-16,Tuesday,sumo,GJ49KU9254,2024-07-03 09:47:00,2024-07-03 15:00:00,Yes,July
2024-07-16,Tuesday,sumo,GJ86PL7662,2024-07-03 08:39:00,2024-07-03 15:06:00,No,July
2024-07-16,Tuesday,bus,RJ61KG4512,2024-07-03 08:20:00,2024-07-03 15:03:00,No,July
2024-07-16,Tuesday,sumo,JH58SZ4350,2024-07-03 09:10:00,2024-07-03 15:17:00,No,July
2024-07-16,Tuesday,scooter,JH93CK8670,2024-07-03 09:44:00,2024-07-03 16:17:00,No,July
2024-07-16,Tuesday,bus,AR94GC9236,2024-07-03 08:44:00,2024-07-03 16:11:00,Yes,July
2024-07-17,Wednesday,bike,LD40LM8779,2024-07-03 09:06:00,2024-07-03 16:42:00,No,July
2024-07-17,Wednesday,car,UA69CV0948,2024-07-03 09:14:00,2024-07-03 15:00:00,Yes,July
2024-07-17,Wednesday,sumo,CG17NG0737,2024-07-03 09:58:00,2024-07-03 16:27:00,No,July
2024-07-17,Wednesday,bus,PB05XM5169,2024-07-03 08:35:00,2024-07-03 16:37:00,Yes,July
2024-07-17,Wednesday,sumo,OD95FN7485,2024-07-03 08:30:00,2024-07-03 15:36:00,No,July
2024-07-17,Wednesday,scooter,JH69IV8872,2024-07-03 08:04:00,2024-07-03 15:09:00,No,July
2024-07-17,Wednesday,bus,BR93HT0023,2024-07-03 08:09:00,2024-07-03 16:40:00,No,July
2024-07-17,Wednesday,bus,OD00FB9172,2024-07-03 09:48:00,2024-07-03 15:10:00,Yes,July
2024-07-17,Wednesday,bus,MP06IC1121,2024-07-03 09:15:00,2024-07-03 15:07:00,Yes,July
2024-07-17,Wednesday,sumo,BR35KF9415,2024-07-03 08:45:00,2024-07-03 16:23:00,No,July
2024-07-18,Thursday,sumo,DN91RO9061,2024-07-03 09:35:00,2024-07-03 15:13:00,No,July
2024-07-18,Thursday,scooter,OD89EL4451,2024-07-03 09:08:00,2024-07-03 15:17:00,Yes,July
2024-07-18,Thursday,bike,JH52ZG3791,2024-07-03 09:34:00,2024-07-03 15:55:00,Yes,July
2024-07-18,Thursday,scooter,HR50ZW1967,2024-07-03 09:46:00,2024-07-03 15:37:00,Yes,July
2024-07-18,Thursday,bike,DD01VW9295,2024-07-03 09:18:00,2024-07-03 16:54:00,Yes,July
2024-07-18,Thursday,scooter,AS14HQ0430,2024-07-03 08:32:00,2024-07-03 15:07:00,Yes,July
2024-07-18,Thursday,sumo,KL68PZ1639,2024-07-03 08:13:00,2024-07-03 16:03:00,Yes,July
2024-07-18,Thursday,sumo,HP91TX2760,2024-07-03 09:24:00,2024-07-03 16:14:00,No,July
2024-07-18,Thursday,scooter,JK99RW8631,2024-07-03 08:51:00,2024-07-03 16:35:00,Yes,July
2024-07-18,Thursday,car,CG22NS1827,2024-07-03 08:35:00,2024-07-03 16:46:00,Yes,July
2024-07-18,Thursday,bus,MP37IK2990,2024-07-03 09:57:00,2024-07-03 15:08:00,No,July
2024-07-18,Thursday,scooter,NL49SX7044,2024-07-03 08:39:00,2024-07-03 16:06:00,Yes,July
2024-07-18,Thursday,bike,SK71CZ0765,2024-07-03 09:57:00,2024-07-03 15:36:00,Yes,July
2024-07-18,Thursday,bike,AS38AU6476,2024-07-03 08:12:00,2024-07-03 16:39:00,Yes,July
2024-07-18,Thursday,car,CG66RD2687,2024-07-03 09:56:00,2024-07-03 15:34:00,No,July
2024-07-18,Thursday,car,AN68MV9800,2024-07-03 08:27:00,2024-07-03 16:18:00,No,July
2024-07-18,Thursday,scooter,CH68WB6245,2024-07-03 09:16:00,2024-07-03 16:47:00,Yes,July
2024-07-18,Thursday,bike,CG18IR6798,2024-07-03 08:17:00,2024-07-03 16:48:00,No,July
2024-07-18,Thursday,bike,MH22ZX0423,2024-07-03 09:36:00,2024-07-03 16:27:00,No,July
2024-07-18,Thursday,car,TS02HO9387,2024-07-03 08:40:00,2024-07-03 16:13:00,No,July
2024-07-18,Thursday,bike,MN11MU0748,2024-07-03 09:58:00,2024-07-03 16:04:00,Yes,July
2024-07-18,Thursday,bike,MN42TV6758,2024-07-03 09:41:00,2024-07-03 15:19:00,Yes,July
2024-07-19,Friday,bike,CG97DU5927,2024-07-03 09:57:00,2024-07-03 15:47:00,No,July
2024-07-19,Friday,sumo,SK71GW8777,2024-07-03 09:44:00,2024-07-03 15:13:00,Yes,July
2024-07-19,Friday,bus,DL53EG4729,2024-07-03 08:27:00,2024-07-03 16:26:00,Yes,July
2024-07-19,Friday,bike,HR91PI0308,2024-07-03 08:38:00,2024-07-03 16:30:00,No,July
2024-07-19,Friday,bus,JH35JU0415,2024-07-03 08:57:00,2024-07-03 16:07:00,No,July
2024-07-19,Friday,car,CH21ZP4455,2024-07-03 09:03:00,2024-07-03 15:32:00,Yes,July
2024-07-19,Friday,bus,ML64TA3819,2024-07-03 08:53:00,2024-07-03 15:08:00,Yes,July
2024-07-19,Friday,bike,CG77RR3409,2024-07-03 08:44:00,2024-07-03 16:48:00,Yes,July
2024-07-19,Friday,car,MN59LA0136,2024-07-03 08:26:00,2024-07-03 15:49:00,No,July
2024-07-19,Friday,scooter,NL20KH4086,2024-07-03 09:55:00,2024-07-03 16:46:00,Yes,July
2024-07-19,Friday,car,AN59JY9330,2024-07-03 09:44:00,2024-07-03 15:48:00,Yes,July
2024-07-20,Saturday,bike,RJ98CN4153,2024-07-03 08:06:00,2024-07-03 15:12:00,Yes,July
2024-07-20,Saturday,bike,OT39VM5087,2024-07-03 08:28:00,2024-07-03 15:38:00,No,July
2024-07-20,Saturday,scooter,DN98LI2540,2024-07-03 08:35:00,2024-07-03 15:03:00,Yes,July
2024-07-20,Saturday,scooter,OT05RO3702,2024-07-03 08:52:00,2024-07-03 15:23:00,No,July
2024-07-20,Saturday,bike,CH13BZ1449,2024-07-03 08:46:00,2024-07-03 16:37:00,No,July
2024-07-20,Saturday,bus,BR12LV6732,2024-07-03 08:32:00,2024-07-03 15:01:00,Yes,July
2024-07-20,Saturday,sumo,AN69TE0751,2024-07-03 08:31:00,2024-07-03 16:25:00,No,July
2024-07-20,Saturday,bus,GJ93GF6266,2024-07-03 08:33:00,2024-07-03 15:07:00,No,July
2024-07-20,Saturday,car,AR66VT9598,2024-07-03 08:06:00,2024-07-03 15:10:00,No,July
2024-07-20,Saturday,car,TS77OP5889,2024-07-03 08:55:00,2024-07-03 16:15:00,Yes,July
2024-07-20,Saturday,bike,DN20WT3939,2024-07-03 09:40:00,2024-07-03 15:22:00,No,July
2024-07-20,Saturday,car,AS32OM7480,2024-07-03 08:18:00,2024-07-03 15:18:00,No,July
2024-07-20,Saturday,car,UA02OH6653,2024-07-03 08:04:00,2024-07-03 15:33:00,Yes,July
2024-07-20,Saturday,scooter,LA62DK8082,2024-07-03 09:08:00,2024-07-03 16:40:00,Yes,July
2024-07-20,Saturday,car,GA97WH6290,2024-07-03 09:13:00,2024-07-03 16:55:00,Yes,July
2024-07-20,Saturday,bike,AR89SF5161,2024-07-03 09:53:00,2024-07-03 15:20:00,Yes,July
2024-07-20,Saturday,car,NL25LE0300,2024-07-03 09:22:00,2024-07-03 16:32:00,Yes,July
2024-07-20,Saturday,scooter,GJ48XD6814,2024-07-03 09:39:00,2024-07-03 16:49:00,Yes,July
2024-07-20,Saturday,bus,HP70EP1802,2024-07-03 09:51:00,2024-07-03 16:38:00,No,July
2024-07-20,Saturday,car,LA65SK3019,2024-07-03 08:09:00,2024-07-03 16:18:00,Yes,July
2024-07-20,Saturday,bus,JH86BF9543,2024-07-03 09:37:00,2024-07-03 16:01:00,Yes,July
2024-07-20,Saturday,bus,GA58RC6767,2024-07-03 09:45:00,2024-07-03 16:17:00,Yes,July
2024-07-21,Sunday,bus,ML16TE3415,2024-07-03 09:01:00,2024-07-03 16:01:00,No,July
2024-07-21,Sunday,car,HP55AQ4620,2024-07-03 09:20:00,2024-07-03 15:32:00,Yes,July
2024-07-21,Sunday,car,AS35UM2159,2024-07-03 09:12:00,2024-07-03 15:30:00,Yes,July
2024-07-21,Sunday,sumo,OT00MC5644,2024-07-03 09:24:00,2024-07-03 15:29:00,Yes,July
2024-07-21,Sunday,bus,AN85BN3675,2024-07-03 09:19:00,2024-07-03 16:25:00,Yes,July
2024-07-21,Sunday,bike,MZ70TJ7177,2024-07-03 08:09:00,2024-07-03 16:20:00,No,July
2024-07-21,Sunday,bike,DL06FU8491,2024-07-03 09:27:00,2024-07-03 15:27:00,Yes,July
2024-07-21,Sunday,car,WB82KT7459,2024-07-03 09:55:00,2024-07-03 16:06:00,Yes,July
2024-07-21,Sunday,bike,MZ03FS9125,2024-07-03 08:02:00,2024-07-03 16:54:00,Yes,July
2024-07-21,Sunday,bus,HP15UG8608,2024-07-03 09:45:00,2024-07-03 15:13:00,No,July
2024-07-21,Sunday,sumo,RJ30QP6402,2024-07-03 09:12:00,2024-07-03 15:29:00,No,July
2024-07-21,Sunday,car,OR43HT7055,2024-07-03 08:05:00,2024-07-03 15:49:00,No,July
2024-07-21,Sunday,car,HP25QD4429,2024-07-03 09:50:00,2024-07-03 16:56:00,Yes,July
2024-07-21,Sunday,bus,UP89CV0197,2024-07-03 08:40:00,2024-07-03 15:03:00,No,July
2024-07-21,Sunday,sumo,UP64UK8730,2024-07-03 08:16:00,2024-07-03 15:13:00,No,July
2024-07-21,Sunday,scooter,BR50LG9094,2024-07-03 09:18:00,2024-07-03 15:21:00,No,July
2024-07-22,Monday,bus,GA46DK0566,2024-07-03 09:13:00,2024-07-03 16:08:00,Yes,July
2024-07-22,Monday,scooter,MH76CP6853,2024-07-03 09:12:00,2024-07-03 15:33:00,No,July
2024-07-22,Monday,bus,MP00NF1964,2024-07-03 09:41:00,2024-07-03 16:54:00,No,July
2024-07-22,Monday,bus,PY32HB8375,2024-07-03 09:41:00,2024-07-03 15:34:00,No,July
2024-07-22,Monday,bus,DD91NF7849,2024-07-03 09:17:00,2024-07-03 15:49:00,Yes,July
2024-07-22,Monday,car,AN39XS4733,2024-07-03 08:14:00,2024-07-03 16:49:00,Yes,July
2024-07-22,Monday,bus,BR17LW8999,2024-07-03 08:42:00,2024-07-03 16:27:00,Yes,July
2024-07-22,Monday,bike,SK75KO5100,2024-07-03 08:20:00,2024-07-03 16:11:00,No,July
2024-07-22,Monday,car,AS57CK4004,2024-07-03 09:11:00,2024-07-03 15:05:00,No,July
2024-07-22,Monday,bike,JH00NV0378,2024-07-03 08:18:00,2024-07-03 15:24:00,Yes,July
2024-07-22,Monday,scooter,JK71YW4604,2024-07-03 08:05:00,2024-07-03 16:17:00,Yes,July
2024-07-22,Monday,bike,GA18BX6811,2024-07-03 09:56:00,2024-07-03 15:02:00,No,July
2024-07-22,Monday,car,MP83II5377,2024-07-03 08:36:00,2024-07-03 15:54:00,No,July
2024-07-22,Monday,car,AN05QV6546,2024-07-03 09:09:00,2024-07-03 16:44:00,Yes,July
2024-07-22,Monday,bus,GJ12OD5550,2024-07-03 09:58:00,2024-07-03 15:25:00,Yes,July
2024-07-22,Monday,scooter,WB40QP1317,2024-07-03 09:22:00,2024-07-03 15:28:00,Yes,July
2024-07-22,Monday,scooter,OD04HE8385,2024-07-03 09:24:00,2024-07-03 15:41:00,Yes,July
2024-07-22,Monday,scooter,AS41PY5045,2024-07-03 09:20:00,2024-07-03 15:12:00,Yes,July
2024-07-22,Monday,bike,GA89VQ7210,2024-07-03 08:08:00,2024-07-03 15:11:00,No,July
2024-07-22,Monday,bus,GA18RP7715,2024-07-03 09:47:00,2024-07-03 16:18:00,No,July
2024-07-22,Monday,sumo,UP32IL8171,2024-07-03 09:02:00,2024-07-03 15:57:00,No,July
2024-07-22,Monday,bike,UP13MP7206,2024-07-03 09:07:00,2024-07-03 16:01:00,No,July
2024-07-23,Tuesday,bus,DN63EZ6483,2024-07-03 08:22:00,2024-07-03 16:07:00,Yes,July
2024-07-23,Tuesday,bike,OD16KB0081,2024-07-03 09:19:00,2024-07-03 16:46:00,Yes,July
2024-07-23,Tuesday,sumo,GJ34AN9905,2024-07-03 09:30:00,2024-07-03 16:14:00,Yes,July
2024-07-23,Tuesday,bike,TS58WB7866,2024-07-03 08:54:00,2024-07-03 15:44:00,Yes,July
2024-07-23,Tuesday,sumo,AR43PW8649,2024-07-03 08:10:00,2024-07-03 15:30:00,Yes,July
2024-07-23,Tuesday,bike,JH81MB9271,2024-07-03 09:09:00,2024-07-03 16:32:00,Yes,July
2024-07-23,Tuesday,bus,UA29NF1771,2024-07-03 09:24:00,2024-07-03 16:37:00,Yes,July
2024-07-23,Tuesday,scooter,UK16QI1070,2024-07-03 08:39:00,2024-07-03 16:09:00,Yes,July
2024-07-23,Tuesday,scooter,OT42QO3640,2024-07-03 08:27:00,2024-07-03 15:15:00,No,July
2024-07-23,Tuesday,car,KL67JT7511,2024-07-03 08:58:00,2024-07-03 16:46:00,Yes,July
2024-07-23,Tuesday,scooter,BR62KV8925,2024-07-03 08:26:00,2024-07-03 16:11:00,No,July
2024-07-23,Tuesday,car,JH12SU4667,2024-07-03 08:29:00,2024-07-03 16:16:00,Yes,July
2024-07-23,Tuesday,car,AS63RB2970,2024-07-03 08:32:00,2024-07-03 16:28:00,Yes,July
2024-07-23,Tuesday,scooter,KL70VG9216,2024-07-03 09:47:00,2024-07-03 15:54:00,Yes,July
2024-07-23,Tuesday,car,DN21OU7032,2024-07-03 08:53:00,2024-07-03 15:22:00,No,July
2024-07-23,Tuesday,sumo,LD59TS8085,2024-07-03 09:02:00,2024-07-03 16:27:00,No,July
2024-07-23,Tuesday,bus,BR42MD6866,2024-07-03 09:50:00,2024-07-03 16:35:00,No,July
2024-07-23,Tuesday,sumo,OR06YN9431,2024-07-03 08:04:00,2024-07-03 15:08:00,No,July
2024-07-23,Tuesday,bus,UA11MU5043,2024-07-03 09:35:00,2024-07-03 16:13:00,No,July
2024-07-23,Tuesday,bus,AR31OL2549,2024-07-03 09:37:00,2024-07-03 15:18:00,Yes,July
2024-07-23,Tuesday,car,TR83RA1861,2024-07-03 08:08:00,2024-07-03 15:58:00,Yes,July
2024-07-24,Wednesday,sumo,MP09LR8400,2024-07-03 08:21:00,2024-07-03 16:46:00,No,July
2024-07-24,Wednesday,bike,AS80SG5367,2024-07-03 08:05:00,2024-07-03 15:09:00,No,July
2024-07-24,Wednesday,bus,DD61VH5291,2024-07-03 09:17:00,2024-07-03 15:04:00,Yes,July
2024-07-24,Wednesday,bus,UK60ER3131,2024-07-03 09:21:00,2024-07-03 16:08:00,No,July
2024-07-24,Wednesday,bike,NL30SA3262,2024-07-03 09:35:00,2024-07-03 15:26:00,No,July
2024-07-24,Wednesday,sumo,AR99EE5416,2024-07-03 09:56:00,2024-07-03 16:27:00,Yes,July
2024-07-24,Wednesday,scooter,SK68JR8978,2024-07-03 09:20:00,2024-07-03 16:14:00,Yes,July
2024-07-24,Wednesday,sumo,UP08XC2963,2024-07-03 09:28:00,2024-07-03 15:35:00,Yes,July
2024-07-24,Wednesday,scooter,JH80EA1805,2024-07-03 09:21:00,2024-07-03 15:03:00,No,July
2024-07-24,Wednesday,bus,ML81MJ5893,2024-07-03 08:27:00,2024-07-03 16:53:00,No,July
2024-07-24,Wednesday,bike,ML54VB1122,2024-07-03 09:15:00,2024-07-03 15:19:00,No,July
2024-07-24,Wednesday,car,MZ22TH4140,2024-07-03 08:12:00,2024-07-03 16:02:00,Yes,July
2024-07-24,Wednesday,bike,MN11VW8993,2024-07-03 09:21:00,2024-07-03 15:49:00,Yes,July
2024-07-24,Wednesday,sumo,OR34WA6900,2024-07-03 09:35:00,2024-07-03 15:16:00,No,July
2024-07-24,Wednesday,bus,TS95PA8648,2024-07-03 09:40:00,2024-07-03 15:17:00,No,July
2024-07-24,Wednesday,bike,PB53PT2549,2024-07-03 09:50:00,2024-07-03 16:41:00,No,July
2024-07-24,Wednesday,car,BR16GK7744,2024-07-03 09:28:00,2024-07-03 16:22:00,Yes,July
2024-07-24,Wednesday,car,JH93SQ1502,2024-07-03 08:03:00,2024-07-03 15:38:00,Yes,July
2024-07-24,Wednesday,scooter,BR03XI9907,2024-07-03 09:19:00,2024-07-03 16:25:00,No,July
2024-07-25,Thursday,bus,RJ19BP1216,2024-07-03 09:23:00,2024-07-03 15:46:00,No,July
2024-07-25,Thursday,car,CG16JA0682,2024-07-03 08:41:00,2024-07-03 15:08:00,Yes,July
2024-07-25,Thursday,sumo,MP03YQ7705,2024-07-03 08:46:00,2024-07-03 16:36:00,No,July
2024-07-25,Thursday,sumo,UP70HD4147,2024-07-03 08:57:00,2024-07-03 16:12:00,No,July
2024-07-25,Thursday,bike,MN22WZ4777,2024-07-03 08:10:00,2024-07-03 15:13:00,No,July
2024-07-25,Thursday,car,CG27NI9795,2024-07-03 08:25:00,2024-07-03 16:58:00,No,July
2024-07-25,Thursday,bus,OR67ZY8694,2024-07-03 08:39:00,2024-07-03 16:43:00,No,July
2024-07-25,Thursday,scooter,CH00DT9608,2024-07-03 08:38:00,2024-07-03 16:06:00,No,July
2024-07-25,Thursday,car,RJ81RK4339,2024-07-03 09:57:00,2024-07-03 16:00:00,No,July
2024-07-25,Thursday,car,GA36VT4358,2024-07-03 09:31:00,2024-07-03 16:26:00,No,July
2024-07-25,Thursday,scooter,PY40EO2484,2024-07-03 08:39:00,2024-07-03 16:57:00,No,July
2024-07-26,Friday,bus,JK17AJ6386,2024-07-03 09:09:00,2024-07-03 16:16:00,Yes,July
2024-07-26,Friday,sumo,LA74GI1277,2024-07-03 08:32:00,2024-07-03 16:25:00,Yes,July
2024-07-26,Friday,sumo,DL21DM6019,2024-07-03 09:39:00,2024-07-03 16:31:00,Yes,July
2024-07-26,Friday,scooter,NL81WK0166,2024-07-03 09:29:00,2024-07-03 15:36:00,No,July
2024-07-26,Friday,bus,TS74MA0168,2024-07-03 08:32:00,2024-07-03 16:58:00,No,July
2024-07-26,Friday,bus,JH14IB6127,2024-07-03 08:05:00,2024-07-03 15:15:00,No,July
2024-07-26,Friday,bike,UK20VZ6949,2024-07-03 09:14:00,2024-07-03 15:57:00,No,July
2024-07-26,Friday,car,PB12YF3054,2024-07-03 09:40:00,2024-07-03 16:38:00,No,July
2024-07-26,Friday,scooter,CG98ZM0521,2024-07-03 09:34:00,2024-07-03 15:18:00,Yes,July
2024-07-26,Friday,scooter,UP15ZE8477,2024-07-03 09:11:00,2024-07-03 16:17:00,Yes,July
2024-07-26,Friday,bus,OT08UP2666,2024-07-03 08:42:00,2024-07-03 16:03:00,Yes,July
2024-07-26,Friday,bus,PB33FC3163,2024-07-03 08:27:00,2024-07-03 15:49:00,Yes,July
2024-07-26,Friday,car,LA08SE6945,2024-07-03 08:22:00,2024-07-03 16:30:00,Yes,July
2024-07-26,Friday,sumo,MH70CK3670,2024-07-03 08:39:00,2024-07-03 15:36:00,No,July
2024-07-26,Friday,car,AR50MW8065,2024-07-03 08:30:00,2024-07-03 15:55:00,Yes,July
2024-07-26,Friday,sumo,KL87DI2714,2024-07-03 08:57:00,2024-07-03 15:40:00,No,July
2024-07-26,Friday,sumo,MP08JQ5092,2024-07-03 08:44:00,2024-07-03 16:12:00,Yes,July
2024-07-26,Friday,bus,OD45VE7239,2024-07-03 09:27:00,2024-07-03 15:02:00,Yes,July
2024-07-26,Friday,sumo,HP86AI3436,2024-07-03 09:29:00,2024-07-03 15:34:00,Yes,July
2024-07-26,Friday,scooter,RJ64DV9416,2024-07-03 09:03:00,2024-07-03 16:43:00,Yes,July
2024-07-26,Friday,sumo,HR25PN6620,2024-07-03 08:47:00,2024-07-03 16:07:00,No,July
2024-07-26,Friday,sumo,WB36PY6173,2024-07-03 09:21:00,2024-07-03 15:38:00,No,July
2024-07-26,Friday,scooter,GJ93MV2005,2024-07-03 09:49:00,2024-07-03 15:23:00,Yes,July
2024-07-26,Friday,car,PY44QB9750,2024-07-03 09:42:00,2024-07-03 15:58:00,No,July
2024-07-26,Friday,sumo,BR74PV1022,2024-07-03 08:11:00,2024-07-03 16:02:00,Yes,July
2024-07-26,Friday,scooter,TN74QD6278,2024-07-03 08:51:00,2024-07-03 15:44:00,Yes,July
2024-07-26,Friday,sumo,CG04FO3851,2024-07-03 09:06:00,2024-07-03 16:19:00,Yes,July
2024-07-26,Friday,bus,TS51OY3424,2024-07-03 08:38:00,2024-07-03 15:43:00,Yes,July
2024-07-26,Friday,sumo,GJ39LU0954,2024-07-03 09:23:00,2024-07-03 16:27:00,No,July
2024-07-27,Saturday,bus,AR64KK2717,2024-07-03 09:33:00,2024-07-03 16:54:00,No,July
2024-07-27,Saturday,bus,DL92JC2600,2024-07-03 09:05:00,2024-07-03 15:03:00,No,July
2024-07-27,Saturday,bus,TR13IK3356,2024-07-03 08:58:00,2024-07-03 16:57:00,Yes,July
2024-07-27,Saturday,bus,UK40TX1116,2024-07-03 09:33:00,2024-07-03 15:22:00,Yes,July
2024-07-27,Saturday,scooter,TR43YI1041,2024-07-03 09:58:00,2024-07-03 15:39:00,Yes,July
2024-07-27,Saturday,sumo,GJ44ZX9650,2024-07-03 09:10:00,2024-07-03 16:22:00,Yes,July
2024-07-27,Saturday,bike,PB60AN2509,2024-07-03 09:44:00,2024-07-03 16:35:00,Yes,July
2024-07-27,Saturday,bike,BR72HA4594,2024-07-03 08:44:00,2024-07-03 16:19:00,No,July
2024-07-27,Saturday,bus,PB82AN0358,2024-07-03 09:17:00,2024-07-03 16:52:00,Yes,July
2024-07-27,Saturday,scooter,UK72JZ6796,2024-07-03 08:37:00,2024-07-03 15:31:00,No,July
2024-07-27,Saturday,scooter,CG28TD4762,2024-07-03 08:27:00,2024-07-03 16:34:00,Yes,July
2024-07-27,Saturday,sumo,UP65DE9005,2024-07-03 09:20:00,2024-07-03 16:48:00,No,July
2024-07-27,Saturday,bike,BR04BY3780,2024-07-03 08:10:00,2024-07-03 15:42:00,Yes,July
2024-07-27,Saturday,bus,HP93GD8310,2024-07-03 08:17:00,2024-07-03 15:01:00,No,July
2024-07-27,Saturday,bike,MH75KM8510,2024-07-03 09:20:00,2024-07-03 15:52:00,Yes,July
2024-07-27,Saturday,bus,UP03ZZ2598,2024-07-03 08:15:00,2024-07-03 16:47:00,Yes,July
2024-07-27,Saturday,car,AN19UK5992,2024-07-03 09:18:00,2024-07-03 15:02:00,Yes,July
2024-07-27,Saturday,sumo,UK60HE4613,2024-07-03 09:17:00,2024-07-03 15:18:00,Yes,July
2024-07-27,Saturday,bus,OR23JJ9988,2024-07-03 08:07:00,2024-07-03 16:00:00,No,July
2024-07-27,Saturday,bike,KL26HI0077,2024-07-03 09:45:00,2024-07-03 15:37:00,No,July
2024-07-27,Saturday,scooter,GA53GF0231,2024-07-03 08:34:00,2024-07-03 15:15:00,Yes,July
2024-07-27,Saturday,bus,OT21FT0764,2024-07-03 08:58:00,2024-07-03 16:58:00,No,July
2024-07-27,Saturday,car,LA94LD5152,2024-07-03 09:29:00,2024-07-03 16:04:00,No,July
2024-07-27,Saturday,scooter,DL37ZW8293,2024-07-03 09:28:00,2024-07-03 16:46:00,No,July
2024-07-27,Saturday,bus,HR66NP6516,2024-07-03 08:21:00,2024-07-03 16:58:00,No,July
2024-07-28,Sunday,bus,GA90EX7095,2024-07-03 09:31:00,2024-07-03 15:47:00,No,July
2024-07-28,Sunday,scooter,MZ16EB1393,2024-07-03 09:32:00,2024-07-03 16:36:00,No,July
2024-07-28,Sunday,sumo,DD79VE1940,2024-07-03 09:05:00,2024-07-03 16:48:00,Yes,July
2024-07-28,Sunday,scooter,JK75XN0861,2024-07-03 08:32:00,2024-07-03 15:02:00,Yes,July
2024-07-28,Sunday,bus,RJ20QC1939,2024-07-03 08:06:00,2024-07-03 15:20:00,Yes,July
2024-07-28,Sunday,bus,MN64UU6751,2024-07-03 08:09:00,2024-07-03 16:22:00,Yes,July
2024-07-28,Sunday,car,UK76SJ5318,2024-07-03 09:30:00,2024-07-03 16:19:00,No,July
2024-07-28,Sunday,scooter,AS65KC6570,2024-07-03 09:31:00,2024-07-03 15:46:00,Yes,July
2024-07-28,Sunday,scooter,TS35HD3779,2024-07-03 08:52:00,2024-07-03 16:16:00,Yes,July
2024-07-28,Sunday,scooter,UA55QZ3847,2024-07-03 09:48:00,2024-07-03 16:22:00,Yes,July
2024-07-28,Sunday,bike,HR24VN9138,2024-07-03 09:22:00,2024-07-03 15:12:00,Yes,July
2024-07-28,Sunday,sumo,KL55XM3938,2024-07-03 08:49:00,2024-07-03 15:30:00,Yes,July
2024-07-28,Sunday,bike,PY61AI2977,2024-07-03 09:47:00,2024-07-03 15:40:00,Yes,July
2024-07-28,Sunday,sumo,NL87EV7826,2024-07-03 08:53:00,2024-07-03 15:00:00,No,July
2024-07-28,Sunday,bus,UP41PF6834,2024-07-03 09:52:00,2024-07-03 16:38:00,No,July
2024-07-28,Sunday,car,JK75XW1613,2024-07-03 09:33:00,2024-07-03 16:26:00,Yes,July
2024-07-28,Sunday,bus,WB53AH4966,2024-07-03 08:43:00,2024-07-03 16:39:00,No,July
2024-07-28,Sunday,bus,MP01QX0440,2024-07-03 08:24:00,2024-07-03 16:04:00,Yes,July
2024-07-28,Sunday,scooter,AS16PU2890,2024-07-03 09:30:00,2024-07-03 15:53:00,No,July
2024-07-28,Sunday,bike,TN20JE2642,2024-07-03 08:05:00,2024-07-03 16:00:00,Yes,July
2024-07-28,Sunday,bike,PY84GI7198,2024-07-03 09:41:00,2024-07-03 15:48:00,No,July
2024-07-28,Sunday,scooter,MZ85WD7651,2024-07-03 08:29:00,2024-07-03 16:07:00,Yes,July
2024-07-28,Sunday,car,JK87FW9093,2024-07-03 09:05:00,2024-07-03 16:54:00,Yes,July
2024-07-28,Sunday,scooter,HP80SZ8603,2024-07-03 09:33:00,2024-07-03 16:10:00,No,July
2024-07-28,Sunday,scooter,DD21RN0308,2024-07-03 09:12:00,2024-07-03 15:38:00,No,July
2024-07-28,Sunday,scooter,UA81NE6644,2024-07-03 08:35:00,2024-07-03 16:03:00,No,July
2024-07-28,Sunday,bike,GA71UV8893,2024-07-03 08:06:00,2024-07-03 16:11:00,Yes,July
2024-07-28,Sunday,car,UP67WR1127,2024-07-03 08:49:00,2024-07-03 15:35:00,No,July
2024-07-29,Monday,sumo,WB93BD1109,2024-07-03 08:56:00,2024-07-03 16:56:00,Yes,July
2024-07-29,Monday,bike,KA86YD1789,2024-07-03 08:55:00,2024-07-03 16:09:00,Yes,July
2024-07-29,Monday,sumo,GJ95DN9585,2024-07-03 09:11:00,2024-07-03 16:58:00,Yes,July
2024-07-29,Monday,bus,PY27VY9111,2024-07-03 08:51:00,2024-07-03 16:50:00,No,July
2024-07-29,Monday,scooter,AN70BO0949,2024-07-03 08:26:00,2024-07-03 16:29:00,No,July
2024-07-29,Monday,car,AS63GX3355,2024-07-03 08:48:00,2024-07-03 15:24:00,No,July
2024-07-29,Monday,car,CH29UP8172,2024-07-03 09:43:00,2024-07-03 15:44:00,Yes,July
2024-07-29,Monday,bus,TS99NV2210,2024-07-03 08:54:00,2024-07-03 15:37:00,No,July
2024-07-29,Monday,bike,MZ89LO5050,2024-07-03 09:09:00,2024-07-03 15:35:00,No,July
2024-07-29,Monday,bus,UK14TE2368,2024-07-03 09:06:00,2024-07-03 15:24:00,Yes,July
2024-07-29,Monday,car,DL47WY0789,2024-07-03 08:54:00,2024-07-03 16:46:00,No,July
2024-07-29,Monday,bike,WB53RZ8437,2024-07-03 08:55:00,2024-07-03 15:53:00,Yes,July
2024-07-29,Monday,car,RJ09PX8697,2024-07-03 08:47:00,2024-07-03 15:37:00,No,July
2024-07-29,Monday,sumo,GA98OR7541,2024-07-03 08:13:00,2024-07-03 15:51:00,No,July
2024-07-29,Monday,car,HR33WS3901,2024-07-03 09:23:00,2024-07-03 16:02:00,No,July
2024-07-29,Monday,car,KL07JI8086,2024-07-03 08:47:00,2024-07-03 16:10:00,Yes,July
2024-07-29,Monday,sumo,OD35IF1141,2024-07-03 08:28:00,2024-07-03 16:43:00,Yes,July
2024-07-29,Monday,sumo,SK56CN4437,2024-07-03 09:16:00,2024-07-03 16:48:00,No,July
2024-07-29,Monday,bus,MP89MY5408,2024-07-03 09:29:00,2024-07-03 16:29:00,No,July
2024-07-29,Monday,sumo,TS15WD8069,2024-07-03 09:52:00,2024-07-03 16:39:00,No,July
2024-07-29,Monday,scooter,UK11CO3814,2024-07-03 08:37:00,2024-07-03 16:15:00,No,July
2024-07-29,Monday,scooter,JH66ZM3279,2024-07-03 09:22:00,2024-07-03 15:57:00,Yes,July
2024-07-29,Monday,car,CH78IL9042,2024-07-03 09:05:00,2024-07-03 15:57:00,Yes,July
2024-07-29,Monday,bike,BR64WN0704,2024-07-03 08:41:00,2024-07-03 16:46:00,No,July
2024-08-01,Thursday,car,UA48UR0389,2024-07-03 08:21:00,2024-07-03 15:03:00,No,August
2024-08-01,Thursday,car,UK98GQ5599,2024-07-03 09:15:00,2024-07-03 16:03:00,No,August
2024-08-01,Thursday,scooter,PB37UR7185,2024-07-03 09:39:00,2024-07-03 15:44:00,No,August
2024-08-01,Thursday,sumo,NL95IX9063,2024-07-03 08:30:00,2024-07-03 16:28:00,No,August
2024-08-01,Thursday,car,MN67TM0886,2024-07-03 09:24:00,2024-07-03 15:02:00,No,August
2024-08-01,Thursday,sumo,PB23RT1606,2024-07-03 08:46:00,2024-07-03 16:01:00,Yes,August
2024-08-01,Thursday,bike,LA29AN6366,2024-07-03 09:50:00,2024-07-03 16:40:00,Yes,August
2024-08-01,Thursday,bus,UA06DA7816,2024-07-03 09:12:00,2024-07-03 15:48:00,Yes,August
2024-08-01,Thursday,car,PB18RX9446,2024-07-03 09:50:00,2024-07-03 16:01:00,Yes,August
2024-08-01,Thursday,bus,GA72XI1121,2024-07-03 09:48:00,2024-07-03 15:35:00,No,August
2024-08-01,Thursday,car,OD89FL7126,2024-07-03 09:47:00,2024-07-03 15:04:00,No,August
2024-08-01,Thursday,scooter,UK92BD6324,2024-07-03 08:41:00,2024-07-03 16:03:00,Yes,August
2024-08-01,Thursday,bus,PB38CI4768,2024-07-03 08:00:00,2024-07-03 15:48:00,No,August
2024-08-01,Thursday,bike,HP11YR7767,2024-07-03 08:21:00,2024-07-03 16:45:00,No,August
2024-08-01,Thursday,car,SK60FG8265,2024-07-03 08:26:00,2024-07-03 15:05:00,Yes,August
2024-08-01,Thursday,car,GJ13QG7212,2024-07-03 09:32:00,2024-07-03 16:44:00,Yes,August
2024-08-01,Thursday,bus,UP60BW6727,2024-07-03 08:56:00,2024-07-03 15:46:00,No,August
2024-08-01,Thursday,car,WB92RW1153,2024-07-03 09:45:00,2024-07-03 16:12:00,No,August
2024-08-01,Thursday,bike,JK46SD9374,2024-07-03 08:52:00,2024-07-03 15:13:00,No,August
2024-08-01,Thursday,bus,KL63FS6372,2024-07-03 08:58:00,2024-07-03 16:44:00,Yes,August
2024-08-01,Thursday,car,GA30TW3573,2024-07-03 08:37:00,2024-07-03 16:36:00,Yes,August
2024-08-01,Thursday,bus,LD12KK6467,2024-07-03 09:29:00,2024-07-03 15:17:00,Yes,August
2024-08-01,Thursday,scooter,OR16TC7221,2024-07-03 08:18:00,2024-07-03 16:28:00,No,August
2024-08-01,Thursday,scooter,UP47HA7314,2024-07-03 08:16:00,2024-07-03 15:08:00,Yes,August
2024-08-01,Thursday,scooter,HP97SX4401,2024-07-03 08:14:00,2024-07-03 16:22:00,Yes,August
2024-08-02,Friday,scooter,UP45QL9316,2024-07-03 08:09:00,2024-07-03 16:05:00,No,August
2024-08-02,Friday,bike,AR86FJ7393,2024-07-03 09:52:00,2024-07-03 15:25:00,No,August
2024-08-02,Friday,sumo,HP42PU8317,2024-07-03 08:47:00,2024-07-03 15:42:00,No,August
2024-08-02,Friday,bike,WB90LT0577,2024-07-03 08:37:00,2024-07-03 16:26:00,Yes,August
2024-08-02,Friday,scooter,WB35UG6021,2024-07-03 08:40:00,2024-07-03 16:05:00,No,August
2024-08-02,Friday,sumo,KL68CB6024,2024-07-03 09:29:00,2024-07-03 16:01:00,No,August
2024-08-02,Friday,scooter,WB41TS4943,2024-07-03 08:56:00,2024-07-03 15:31:00,Yes,August
2024-08-02,Friday,bus,JH97NO1086,2024-07-03 08:08:00,2024-07-03 15:03:00,Yes,August
2024-08-02,Friday,car,CH65CH2689,2024-07-03 09:41:00,2024-07-03 16:03:00,No,August
2024-08-02,Friday,bike,UP21KR6883,2024-07-03 09:27:00,2024-07-03 15:39:00,Yes,August
2024-08-02,Friday,bus,TS87TU4801,2024-07-03 08:07:00,2024-07-03 16:10:00,Yes,August
2024-08-02,Friday,bike,MN35XA5266,2024-07-03 08:05:00,2024-07-03 16:41:00,Yes,August
2024-08-02,Friday,bus,LD13OI0817,2024-07-03 09:27:00,2024-07-03 16:40:00,Yes,August
2024-08-02,Friday,car,SK01RD8692,2024-07-03 08:55:00,2024-07-03 16:09:00,Yes,August
2024-08-02,Friday,bike,LA67WH0742,2024-07-03 08:18:00,2024-07-03 15:50:00,Yes,August
2024-08-02,Friday,bus,UK93FN4988,2024-07-03 08:06:00,2024-07-03 16:29:00,Yes,August
2024-08-02,Friday,sumo,TS86BV1098,2024-07-03 09:39:00,2024-07-03 15:18:00,No,August
2024-08-02,Friday,scooter,OT93ME7566,2024-07-03 09:22:00,2024-07-03 15:34:00,No,August
2024-08-02,Friday,sumo,DN91FJ2403,2024-07-03 09:19:00,2024-07-03 15:55:00,No,August
2024-08-02,Friday,car,HP30ME0796,2024-07-03 08:24:00,2024-07-03 15:27:00,No,August
2024-08-02,Friday,bike,PB61RS4494,2024-07-03 08:46:00,2024-07-03 15:43:00,Yes,August
2024-08-02,Friday,bus,MH11DX8131,2024-07-03 09:43:00,2024-07-03 15:55:00,No,August
2024-08-02,Friday,sumo,OT03TB7228,2024-07-03 09:13:00,2024-07-03 16:38:00,Yes,August
2024-08-02,Friday,bus,DN10NB2038,2024-07-03 08:17:00,2024-07-03 15:32:00,Yes,August
2024-08-02,Friday,bus,OR24GA6703,2024-07-03 09:06:00,2024-07-03 15:57:00,No,August
2024-08-02,Friday,bus,DL61DA2732,2024-07-03 09:52:00,2024-07-03 15:12:00,Yes,August
2024-08-02,Friday,scooter,BR51AH5835,2024-07-03 08:43:00,2024-07-03 15:05:00,Yes,August
2024-08-02,Friday,car,AR52YJ5904,2024-07-03 08:02:00,2024-07-03 15:49:00,No,August
2024-08-03,Saturday,sumo,OD54BN0469,2024-07-03 09:39:00,2024-07-03 15:33:00,Yes,August
2024-08-03,Saturday,bus,LD25ZW2646,2024-07-03 08:30:00,2024-07-03 15:15:00,Yes,August
2024-08-03,Saturday,bus,DD27LW7438,2024-07-03 09:44:00,2024-07-03 16:11:00,No,August
2024-08-03,Saturday,bike,JK26PV1082,2024-07-03 08:21:00,2024-07-03 15:24:00,No,August
2024-08-03,Saturday,scooter,MN25QG8245,2024-07-03 09:09:00,2024-07-03 16:08:00,Yes,August
2024-08-03,Saturday,bike,MP66SD0336,2024-07-03 08:05:00,2024-07-03 15:29:00,No,August
2024-08-03,Saturday,bus,TR71VD8863,2024-07-03 09:14:00,2024-07-03 16:56:00,No,August
2024-08-03,Saturday,bus,AS25SN7538,2024-07-03 08:55:00,2024-07-03 16:03:00,Yes,August
2024-08-03,Saturday,bus,AR38JV9956,2024-07-03 08:31:00,2024-07-03 15:10:00,No,August
2024-08-03,Saturday,car,KL53MF9381,2024-07-03 08:39:00,2024-07-03 16:58:00,No,August
2024-08-03,Saturday,scooter,TN96TS8029,2024-07-03 09:42:00,2024-07-03 16:32:00,Yes,August
2024-08-03,Saturday,sumo,GJ96HM0511,2024-07-03 08:34:00,2024-07-03 16:30:00,No,August
2024-08-03,Saturday,sumo,JH06XE7117,2024-07-03 08:25:00,2024-07-03 15:05:00,Yes,August
2024-08-03,Saturday,scooter,HP94HW7568,2024-07-03 08:11:00,2024-07-03 16:09:00,No,August
2024-08-03,Saturday,bus,UK42II8955,2024-07-03 08:31:00,2024-07-03 16:46:00,No,August
2024-08-03,Saturday,car,KA07MX6710,2024-07-03 09:38:00,2024-07-03 15:58:00,Yes,August
2024-08-04,Sunday,scooter,PY86PD9043,2024-07-03 09:30:00,2024-07-03 16:00:00,Yes,August
2024-08-04,Sunday,bus,SK12RO2570,2024-07-03 09:12:00,2024-07-03 16:49:00,Yes,August
2024-08-04,Sunday,scooter,AR70PF1907,2024-07-03 08:08:00,2024-07-03 16:46:00,No,August
2024-08-04,Sunday,bike,OD70GL3252,2024-07-03 09:33:00,2024-07-03 16:53:00,Yes,August
2024-08-04,Sunday,bus,LD04TA0539,2024-07-03 09:35:00,2024-07-03 15:34:00,No,August
2024-08-04,Sunday,scooter,TR86XL4682,2024-07-03 08:06:00,2024-07-03 15:25:00,No,August
2024-08-04,Sunday,sumo,CG47VH3356,2024-07-03 08:10:00,2024-07-03 16:30:00,No,August
2024-08-04,Sunday,scooter,UK69RW8091,2024-07-03 08:37:00,2024-07-03 15:28:00,Yes,August
2024-08-04,Sunday,bus,DD49ZY7479,2024-07-03 09:01:00,2024-07-03 15:01:00,Yes,August
2024-08-04,Sunday,scooter,LD42VD6406,2024-07-03 09:49:00,2024-07-03 16:00:00,No,August
2024-08-04,Sunday,sumo,HR65ER2398,2024-07-03 09:41:00,2024-07-03 15:34:00,No,August
2024-08-04,Sunday,bike,UK24XH1715,2024-07-03 09:24:00,2024-07-03 15:34:00,Yes,August
2024-08-04,Sunday,car,TS36QW7992,2024-07-03 09:19:00,2024-07-03 15:48:00,No,August
2024-08-04,Sunday,car,DN84FX8052,2024-07-03 09:46:00,2024-07-03 15:34:00,Yes,August
2024-08-04,Sunday,bus,HR69KO4328,2024-07-03 08:00:00,2024-07-03 15:54:00,No,August
2024-08-04,Sunday,scooter,MP36HF9888,2024-07-03 08:22:00,2024-07-03 15:35:00,Yes,August
2024-08-04,Sunday,car,MZ63WB3141,2024-07-03 09:41:00,2024-07-03 16:53:00,No,August
2024-08-04,Sunday,sumo,AS37MS9253,2024-07-03 08:04:00,2024-07-03 15:50:00,No,August
2024-08-04,Sunday,sumo,GA90CV5409,2024-07-03 09:57:00,2024-07-03 16:01:00,Yes,August
2024-08-04,Sunday,bike,JK43ZE8825,2024-07-03 09:25:00,2024-07-03 16:32:00,Yes,August
2024-08-04,Sunday,bus,HR61FJ0362,2024-07-03 09:01:00,2024-07-03 16:51:00,Yes,August
2024-08-05,Monday,bike,MZ63SE4792,2024-07-03 09:41:00,2024-07-03 15:31:00,No,August
2024-08-05,Monday,scooter,OT20EY7598,2024-07-03 08:35:00,2024-07-03 15:13:00,Yes,August
2024-08-05,Monday,scooter,KA81JR9705,2024-07-03 09:24:00,2024-07-03 16:22:00,No,August
2024-08-05,Monday,bike,UA67OR8434,2024-07-03 09:14:00,2024-07-03 16:41:00,Yes,August
2024-08-05,Monday,bike,KL29DQ7820,2024-07-03 08:49:00,2024-07-03 16:36:00,No,August
2024-08-05,Monday,scooter,GA56VP3958,2024-07-03 08:21:00,2024-07-03 16:14:00,No,August
2024-08-05,Monday,bus,ML59TL6648,2024-07-03 08:15:00,2024-07-03 16:10:00,No,August
2024-08-05,Monday,scooter,AR81WJ1440,2024-07-03 09:17:00,2024-07-03 16:19:00,Yes,August
2024-08-05,Monday,bus,AS53PE2857,2024-07-03 09:07:00,2024-07-03 16:03:00,Yes,August
2024-08-05,Monday,car,CH70KJ0365,2024-07-03 09:22:00,2024-07-03 15:26:00,No,August
2024-08-06,Tuesday,sumo,WB80BW6351,2024-07-03 09:54:00,2024-07-03 15:54:00,Yes,August
2024-08-06,Tuesday,car,DD02RR2943,2024-07-03 09:33:00,2024-07-03 15:30:00,No,August
2024-08-06,Tuesday,scooter,MZ31XI2213,2024-07-03 09:21:00,2024-07-03 15:02:00,Yes,August
2024-08-06,Tuesday,scooter,MZ21CO9540,2024-07-03 08:06:00,2024-07-03 15:19:00,No,August
2024-08-06,Tuesday,car,GA71YT1207,2024-07-03 09:34:00,2024-07-03 15:19:00,No,August
2024-08-06,Tuesday,scooter,GJ82YH7704,2024-07-03 09:21:00,2024-07-03 16:32:00,Yes,August
2024-08-06,Tuesday,bike,UP94NQ8585,2024-07-03 09:34:00,2024-07-03 15:14:00,No,August
2024-08-06,Tuesday,scooter,CG33QQ3157,2024-07-03 08:49:00,2024-07-03 15:05:00,Yes,August
2024-08-06,Tuesday,bike,AS90QT4332,2024-07-03 09:28:00,2024-07-03 16:42:00,No,August
2024-08-06,Tuesday,sumo,OT12UC5223,2024-07-03 08:06:00,2024-07-03 15:24:00,Yes,August
2024-08-06,Tuesday,car,GJ69MG4985,2024-07-03 09:27:00,2024-07-03 16:27:00,No,August
2024-08-06,Tuesday,scooter,MP35KN2081,2024-07-03 08:34:00,2024-07-03 15:32:00,Yes,August
2024-08-06,Tuesday,sumo,AN90LA1555,2024-07-03 08:33:00,2024-07-03 15:48:00,No,August
2024-08-06,Tuesday,sumo,KA88FF1335,2024-07-03 08:33:00,2024-07-03 16:56:00,Yes,August
2024-08-06,Tuesday,scooter,PB22XP0719,2024-07-03 08:47:00,2024-07-03 16:02:00,Yes,August
2024-08-06,Tuesday,sumo,RJ29KE4706,2024-07-03 09:49:00,2024-07-03 15:28:00,Yes,August
2024-08-06,Tuesday,car,CG52YZ1090,2024-07-03 09:05:00,2024-07-03 15:18:00,No,August
2024-08-06,Tuesday,scooter,OD34ZU0824,2024-07-03 08:16:00,2024-07-03 16:08:00,Yes,August
2024-08-06,Tuesday,sumo,KA06UE7474,2024-07-03 08:31:00,2024-07-03 15:20:00,Yes,August
2024-08-06,Tuesday,car,OR95ML0705,2024-07-03 09:28:00,2024-07-03 16:43:00,Yes,August
2024-08-06,Tuesday,car,HR44LZ4078,2024-07-03 08:43:00,2024-07-03 16:04:00,No,August
2024-08-07,Wednesday,sumo,AS17KT2885,2024-07-03 08:20:00,2024-07-03 16:07:00,No,August
2024-08-07,Wednesday,scooter,CH51VL2569,2024-07-03 08:48:00,2024-07-03 15:06:00,Yes,August
2024-08-07,Wednesday,bike,UP67CG8865,2024-07-03 08:53:00,2024-07-03 15:03:00,Yes,August
2024-08-07,Wednesday,bus,JK80EQ8606,2024-07-03 09:25:00,2024-07-03 16:09:00,Yes,August
2024-08-07,Wednesday,scooter,CH57CZ0870,2024-07-03 09:28:00,2024-07-03 15:51:00,Yes,August
2024-08-07,Wednesday,sumo,WB09SY0695,2024-07-03 08:07:00,2024-07-03 15:38:00,No,August
2024-08-07,Wednesday,scooter,MZ39IC3777,2024-07-03 09:36:00,2024-07-03 16:57:00,Yes,August
2024-08-07,Wednesday,bus,PB52RW7325,2024-07-03 08:41:00,2024-07-03 16:07:00,Yes,August
2024-08-07,Wednesday,sumo,MZ15QQ9878,2024-07-03 09:06:00,2024-07-03 16:33:00,No,August
2024-08-07,Wednesday,car,MP28EZ7867,2024-07-03 09:38:00,2024-07-03 16:13:00,No,August
2024-08-07,Wednesday,bus,MZ66WW7103,2024-07-03 09:18:00,2024-07-03 15:33:00,No,August
2024-08-07,Wednesday,scooter,RJ49UD9768,2024-07-03 09:42:00,2024-07-03 15:38:00,No,August
2024-08-07,Wednesday,scooter,AS41JZ2507,2024-07-03 08:21:00,2024-07-03 15:16:00,Yes,August
2024-08-07,Wednesday,car,ML53HE9255,2024-07-03 09:13:00,2024-07-03 16:48:00,No,August
2024-08-07,Wednesday,scooter,BR58SW0916,2024-07-03 09:15:00,2024-07-03 15:01:00,Yes,August
2024-08-07,Wednesday,scooter,DN62ZC4410,2024-07-03 08:32:00,2024-07-03 15:57:00,Yes,August
2024-08-07,Wednesday,bike,KL81VJ2027,2024-07-03 08:15:00,2024-07-03 15:01:00,No,August
2024-08-07,Wednesday,bus,CH18XF7331,2024-07-03 08:10:00,2024-07-03 16:56:00,No,August
2024-08-07,Wednesday,bike,OT78BS7304,2024-07-03 09:28:00,2024-07-03 15:20:00,No,August
2024-08-07,Wednesday,bus,HR82TD2065,2024-07-03 09:11:00,2024-07-03 16:20:00,Yes,August
2024-08-07,Wednesday,bike,KL69RH7299,2024-07-03 09:33:00,2024-07-03 15:36:00,Yes,August
2024-08-07,Wednesday,car,KA61ZZ9285,2024-07-03 09:55:00,2024-07-03 15:44:00,Yes,August
2024-08-07,Wednesday,bike,DD35RE3231,2024-07-03 08:25:00,2024-07-03 16:07:00,Yes,August
2024-08-07,Wednesday,bus,SK65YI5810,2024-07-03 08:52:00,2024-07-03 16:43:00,No,August
2024-08-07,Wednesday,sumo,PB53JF7197,2024-07-03 08:24:00,2024-07-03 15:46:00,Yes,August
2024-08-08,Thursday,bike,GJ45KA9147,2024-07-03 08:45:00,2024-07-03 15:53:00,No,August
2024-08-08,Thursday,scooter,PB91NW5778,2024-07-03 08:05:00,2024-07-03 15:46:00,No,August
2024-08-08,Thursday,scooter,NL43VR1104,2024-07-03 09:20:00,2024-07-03 16:56:00,No,August
2024-08-08,Thursday,sumo,UP97EU8821,2024-07-03 09:28:00,2024-07-03 15:09:00,Yes,August
2024-08-08,Thursday,sumo,MZ10KY5976,2024-07-03 08:03:00,2024-07-03 15:28:00,Yes,August
2024-08-08,Thursday,bus,DN02GS5295,2024-07-03 08:27:00,2024-07-03 15:05:00,No,August
2024-08-08,Thursday,car,DN43FQ2968,2024-07-03 09:04:00,2024-07-03 16:03:00,Yes,August
2024-08-08,Thursday,bus,BR17TY7425,2024-07-03 09:13:00,2024-07-03 16:46:00,No,August
2024-08-08,Thursday,scooter,TS22HS5334,2024-07-03 08:37:00,2024-07-03 16:43:00,No,August
2024-08-08,Thursday,sumo,MZ79TQ2499,2024-07-03 09:31:00,2024-07-03 15:48:00,Yes,August
2024-08-08,Thursday,bus,PB98QU8896,2024-07-03 09:38:00,2024-07-03 15:02:00,No,August
2024-08-08,Thursday,bike,WB47LR6623,2024-07-03 09:10:00,2024-07-03 16:27:00,Yes,August
2024-08-08,Thursday,scooter,KL26JB7435,2024-07-03 08:33:00,2024-07-03 15:07:00,Yes,August
2024-08-08,Thursday,car,UK43JV2369,2024-07-03 09:15:00,2024-07-03 16:04:00,No,August
2024-08-08,Thursday,car,LD98RP8315,2024-07-03 09:47:00,2024-07-03 16:19:00,Yes,August
2024-08-08,Thursday,car,MP44PO5968,2024-07-03 09:55:00,2024-07-03 16:18:00,Yes,August
2024-08-08,Thursday,bus,PY82PM7358,2024-07-03 09:13:00,2024-07-03 15:28:00,Yes,August
2024-08-08,Thursday,bike,TN61RI0303,2024-07-03 09:07:00,2024-07-03 15:45:00,No,August
2024-08-08,Thursday,sumo,KA94CL2549,2024-07-03 09:00:00,2024-07-03 15:54:00,No,August
2024-08-08,Thursday,sumo,MH58ZQ7966,2024-07-03 09:42:00,2024-07-03 16:35:00,Yes,August
2024-08-08,Thursday,sumo,PY57RF3513,2024-07-03 08:43:00,2024-07-03 15:52:00,Yes,August
2024-08-08,Thursday,bike,BR32KY3366,2024-07-03 08:56:00,2024-07-03 16:30:00,Yes,August
2024-08-08,Thursday,bike,MN79QI8776,2024-07-03 08:18:00,2024-07-03 15:25:00,No,August
2024-08-08,Thursday,sumo,UK27GW2225,2024-07-03 08:02:00,2024-07-03 15:20:00,No,August
2024-08-08,Thursday,car,AS91IK4218,2024-07-03 08:51:00,2024-07-03 15:45:00,Yes,August
2024-08-08,Thursday,scooter,AR53DW9295,2024-07-03 09:07:00,2024-07-03 15:20:00,No,August
2024-08-08,Thursday,scooter,CG68GO9449,2024-07-03 08:58:00,2024-07-03 16:58:00,No,August
2024-08-08,Thursday,car,UA79OA0726,2024-07-03 09:10:00,2024-07-03 15:16:00,Yes,August
2024-08-09,Friday,car,TR62WJ3992,2024-07-03 08:43:00,2024-07-03 16:36:00,Yes,August
2024-08-09,Friday,sumo,WB04FN9007,2024-07-03 08:06:00,2024-07-03 16:32:00,Yes,August
2024-08-09,Friday,sumo,DN46AE8647,2024-07-03 08:17:00,2024-07-03 16:44:00,No,August
2024-08-09,Friday,scooter,OD55SD5321,2024-07-03 08:13:00,2024-07-03 15:20:00,No,August
2024-08-09,Friday,scooter,AN12HQ2301,2024-07-03 09:41:00,2024-07-03 15:47:00,Yes,August
2024-08-09,Friday,bike,AN55DY0384,2024-07-03 09:16:00,2024-07-03 15:03:00,No,August
2024-08-09,Friday,bike,OT18LX3220,2024-07-03 08:24:00,2024-07-03 15:13:00,Yes,August
2024-08-09,Friday,scooter,CH73LW7006,2024-07-03 09:57:00,2024-07-03 15:56:00,Yes,August
2024-08-09,Friday,bike,DN10NP2773,2024-07-03 09:55:00,2024-07-03 16:25:00,No,August
2024-08-09,Friday,bus,NL44WG7792,2024-07-03 08:27:00,2024-07-03 16:39:00,Yes,August
2024-08-09,Friday,car,UK61WC0285,2024-07-03 08:01:00,2024-07-03 15:58:00,No,August
2024-08-09,Friday,scooter,MP48XV7835,2024-07-03 08:37:00,2024-07-03 15:23:00,No,August
2024-08-09,Friday,scooter,UA95BM0143,2024-07-03 08:34:00,2024-07-03 16:39:00,No,August
2024-08-09,Friday,sumo,JH41BQ0807,2024-07-03 09:32:00,2024-07-03 15:50:00,Yes,August
2024-08-09,Friday,bike,DN94UF8877,2024-07-03 09:41:00,2024-07-03 16:15:00,Yes,August
2024-08-09,Friday,scooter,AS49FU9205,2024-07-03 08:56:00,2024-07-03 15:51:00,Yes,August
2024-08-09,Friday,bus,DL31CP9169,2024-07-03 09:11:00,2024-07-03 16:16:00,No,August
2024-08-10,Saturday,scooter,MP48PX1754,2024-07-03 08:19:00,2024-07-03 16:11:00,Yes,August
2024-08-10,Saturday,sumo,MZ51CF8292,2024-07-03 08:49:00,2024-07-03 16:48:00,No,August
2024-08-10,Saturday,scooter,NL50RE6881,2024-07-03 08:54:00,2024-07-03 15:32:00,No,August
2024-08-10,Saturday,car,TN23LP9984,2024-07-03 08:52:00,2024-07-03 16:52:00,No,August
2024-08-10,Saturday,bike,SK87JT0928,2024-07-03 09:20:00,2024-07-03 16:51:00,Yes,August
2024-08-10,Saturday,bike,TS48VS1629,2024-07-03 08:09:00,2024-07-03 16:33:00,No,August
2024-08-10,Saturday,scooter,OR52CI8629,2024-07-03 08:34:00,2024-07-03 16:51:00,Yes,August
2024-08-10,Saturday,car,DL21KV1328,2024-07-03 08:21:00,2024-07-03 16:54:00,No,August
2024-08-10,Saturday,scooter,OD79JC6800,2024-07-03 09:23:00,2024-07-03 16:00:00,No,August
2024-08-10,Saturday,car,AS67LH0513,2024-07-03 09:36:00,2024-07-03 16:09:00,Yes,August
2024-08-10,Saturday,sumo,AN25NT5574,2024-07-03 08:32:00,2024-07-03 16:00:00,No,August
2024-08-10,Saturday,sumo,AR76LI3126,2024-07-03 09:47:00,2024-07-03 16:45:00,No,August
2024-08-10,Saturday,bus,MH20MJ1215,2024-07-03 09:10:00,2024-07-03 16:18:00,Yes,August
2024-08-11,Sunday,sumo,OD45GT4636,2024-07-03 09:53:00,2024-07-03 15:01:00,Yes,August
2024-08-11,Sunday,scooter,AS93UX1135,2024-07-03 08:16:00,2024-07-03 15:00:00,Yes,August
2024-08-11,Sunday,sumo,HR47XS6445,2024-07-03 09:51:00,2024-07-03 16:47:00,No,August
2024-08-11,Sunday,scooter,LA66IN6118,2024-07-03 09:54:00,2024-07-03 15:57:00,No,August
2024-08-11,Sunday,car,CH14PR7400,2024-07-03 08:15:00,2024-07-03 15:00:00,No,August
2024-08-11,Sunday,scooter,BR46LY9970,2024-07-03 09:03:00,2024-07-03 15:07:00,No,August
2024-08-11,Sunday,scooter,ML99JP0442,2024-07-03 08:03:00,2024-07-03 15:35:00,Yes,August
2024-08-11,Sunday,car,OR17JO6610,2024-07-03 08:36:00,2024-07-03 15:22:00,No,August
2024-08-11,Sunday,car,MH65IQ9057,2024-07-03 08:08:00,2024-07-03 15:25:00,No,August
2024-08-11,Sunday,bus,TS19EL0700,2024-07-03 08:18:00,2024-07-03 15:35:00,Yes,August
2024-08-11,Sunday,bike,UA88MO8114,2024-07-03 08:23:00,2024-07-03 15:50:00,Yes,August
2024-08-11,Sunday,scooter,LA89EY5492,2024-07-03 08:10:00,2024-07-03 15:17:00,Yes,August
2024-08-11,Sunday,car,RJ73JS5737,2024-07-03 08:24:00,2024-07-03 15:19:00,Yes,August
2024-08-11,Sunday,bike,LD32JO2757,2024-07-03 08:38:00,2024-07-03 15:09:00,No,August
2024-08-11,Sunday,sumo,AR47ZI2799,2024-07-03 09:03:00,2024-07-03 15:20:00,Yes,August
2024-08-11,Sunday,sumo,JH74VS8111,2024-07-03 09:35:00,2024-07-03 16:02:00,No,August
2024-08-11,Sunday,scooter,RJ56RD9163,2024-07-03 09:52:00,2024-07-03 16:40:00,Yes,August
2024-08-11,Sunday,bike,DN34NF7057,2024-07-03 09:01:00,2024-07-03 15:41:00,Yes,August
2024-08-12,Monday,bike,AS46QK3066,2024-07-03 09:21:00,2024-07-03 16:07:00,No,August
2024-08-12,Monday,bus,UK50UT9315,2024-07-03 08:15:00,2024-07-03 16:44:00,Yes,August
2024-08-12,Monday,sumo,UK66MO0925,2024-07-03 09:18:00,2024-07-03 15:33:00,Yes,August
2024-08-12,Monday,car,KA56WZ1285,2024-07-03 09:18:00,2024-07-03 16:58:00,No,August
2024-08-12,Monday,bus,BR77JJ7766,2024-07-03 08:37:00,2024-07-03 16:04:00,Yes,August
2024-08-12,Monday,bike,OD55ZK9069,2024-07-03 08:18:00,2024-07-03 15:06:00,Yes,August
2024-08-12,Monday,sumo,DD02CE8422,2024-07-03 08:07:00,2024-07-03 15:46:00,Yes,August
2024-08-12,Monday,scooter,KL84OD3029,2024-07-03 09:56:00,2024-07-03 15:06:00,No,August
2024-08-12,Monday,bus,UA73PJ5813,2024-07-03 08:05:00,2024-07-03 16:53:00,Yes,August
2024-08-12,Monday,bike,PY62YO9419,2024-07-03 09:49:00,2024-07-03 15:22:00,No,August
2024-08-12,Monday,bike,GA42XJ4347,2024-07-03 09:26:00,2024-07-03 16:48:00,Yes,August
2024-08-12,Monday,car,BR88SI2344,2024-07-03 08:48:00,2024-07-03 16:33:00,Yes,August
2024-08-12,Monday,sumo,HP50GG9928,2024-07-03 08:07:00,2024-07-03 16:25:00,Yes,August
2024-08-12,Monday,bike,SK11HC5038,2024-07-03 08:23:00,2024-07-03 16:28:00,No,August
2024-08-12,Monday,bus,DL84EY3827,2024-07-03 08:27:00,2024-07-03 16:50:00,No,August
2024-08-12,Monday,scooter,NL42XA3734,2024-07-03 09:52:00,2024-07-03 15:52:00,No,August
2024-08-12,Monday,bus,HP14HO2352,2024-07-03 08:31:00,2024-07-03 15:40:00,No,August
2024-08-12,Monday,bike,ML70VA9378,2024-07-03 09:50:00,2024-07-03 15:13:00,Yes,August
2024-08-12,Monday,scooter,AS80NM0434,2024-07-03 08:04:00,2024-07-03 16:30:00,No,August
2024-08-12,Monday,car,NL23XM5807,2024-07-03 09:08:00,2024-07-03 16:51:00,No,August
2024-08-12,Monday,sumo,TS14OQ2075,2024-07-03 08:37:00,2024-07-03 15:32:00,No,August
2024-08-13,Tuesday,bus,MN25UK0340,2024-07-03 09:07:00,2024-07-03 16:10:00,No,August
2024-08-13,Tuesday,car,NL94CU7693,2024-07-03 08:02:00,2024-07-03 16:00:00,No,August
2024-08-13,Tuesday,bike,TR67XG1696,2024-07-03 08:50:00,2024-07-03 16:37:00,Yes,August
2024-08-13,Tuesday,bus,OD53GA8208,2024-07-03 08:18:00,2024-07-03 16:42:00,No,August
2024-08-13,Tuesday,sumo,GJ10WP3505,2024-07-03 08:29:00,2024-07-03 15:44:00,No,August
2024-08-13,Tuesday,bike,OR32VG2116,2024-07-03 08:49:00,2024-07-03 16:09:00,Yes,August
2024-08-13,Tuesday,bike,JH16QQ2461,2024-07-03 09:07:00,2024-07-03 15:30:00,Yes,August
2024-08-13,Tuesday,sumo,GJ80PX4434,2024-07-03 09:24:00,2024-07-03 15:40:00,Yes,August
2024-08-13,Tuesday,scooter,MH85MQ5301,2024-07-03 08:16:00,2024-07-03 15:48:00,No,August
2024-08-13,Tuesday,bus,DN75VB2065,2024-07-03 08:49:00,2024-07-03 16:32:00,No,August
2024-08-13,Tuesday,sumo,JH30NW2514,2024-07-03 09:28:00,2024-07-03 16:19:00,No,August
2024-08-13,Tuesday,sumo,UK65VU5108,2024-07-03 08:44:00,2024-07-03 16:37:00,Yes,August
2024-08-13,Tuesday,bike,KL47MD4341,2024-07-03 08:57:00,2024-07-03 16:55:00,No,August
2024-08-13,Tuesday,bike,CG64SX5279,2024-07-03 09:18:00,2024-07-03 15:41:00,No,August
2024-08-13,Tuesday,car,OR78LM8072,2024-07-03 09:01:00,2024-07-03 15:22:00,No,August
2024-08-14,Wednesday,car,MN42GM2200,2024-07-03 09:51:00,2024-07-03 16:57:00,No,August
2024-08-14,Wednesday,sumo,ML94OL4416,2024-07-03 09:44:00,2024-07-03 15:17:00,No,August
2024-08-14,Wednesday,bus,OD64SM4335,2024-07-03 09:10:00,2024-07-03 16:09:00,No,August
2024-08-14,Wednesday,sumo,WB65HM3435,2024-07-03 09:10:00,2024-07-03 15:41:00,No,August
2024-08-14,Wednesday,bike,TN85RU7996,2024-07-03 08:13:00,2024-07-03 15:33:00,No,August
2024-08-14,Wednesday,car,DN06WG8047,2024-07-03 08:09:00,2024-07-03 16:25:00,Yes,August
2024-08-14,Wednesday,sumo,DL90YW2054,2024-07-03 09:57:00,2024-07-03 15:57:00,No,August
2024-08-14,Wednesday,bike,OT74TC5165,2024-07-03 09:08:00,2024-07-03 15:37:00,No,August
2024-08-14,Wednesday,bike,AN67FW6700,2024-07-03 08:22:00,2024-07-03 16:17:00,Yes,August
2024-08-14,Wednesday,bike,HR39XB5213,2024-07-03 08:48:00,2024-07-03 16:31:00,Yes,August
2024-08-14,Wednesday,bike,PB37CB3726,2024-07-03 09:06:00,2024-07-03 15:07:00,No,August
2024-08-14,Wednesday,bike,MH66TM3836,2024-07-03 08:41:00,2024-07-03 15:47:00,Yes,August
2024-08-14,Wednesday,scooter,AS49NM5992,2024-07-03 08:41:00,2024-07-03 16:06:00,No,August
2024-08-14,Wednesday,bus,AS25UF7679,2024-07-03 08:41:00,2024-07-03 15:14:00,Yes,August
2024-08-14,Wednesday,car,OR68IX4264,2024-07-03 08:24:00,2024-07-03 16:27:00,Yes,August
2024-08-14,Wednesday,car,PY33OL8124,2024-07-03 08:45:00,2024-07-03 15:48:00,Yes,August
2024-08-14,Wednesday,car,UA63ZC9919,2024-07-03 08:34:00,2024-07-03 16:55:00,Yes,August
2024-08-14,Wednesday,bike,MZ12EH0661,2024-07-03 09:25:00,2024-07-03 15:06:00,No,August
2024-08-14,Wednesday,sumo,TS55XI7855,2024-07-03 09:40:00,2024-07-03 16:10:00,No,August
2024-08-14,Wednesday,sumo,AR42EB4470,2024-07-03 09:23:00,2024-07-03 15:23:00,Yes,August
2024-08-14,Wednesday,bike,GA22ZE6041,2024-07-03 08:32:00,2024-07-03 16:37:00,No,August
2024-08-14,Wednesday,sumo,CG11MP8591,2024-07-03 08:13:00,2024-07-03 15:46:00,Yes,August
2024-08-15,Thursday,sumo,SK51IM3463,2024-07-03 08:13:00,2024-07-03 15:41:00,Yes,August
2024-08-15,Thursday,sumo,KL01UG7346,2024-07-03 08:30:00,2024-07-03 15:26:00,No,August
2024-08-15,Thursday,car,GJ11SW9801,2024-07-03 09:25:00,2024-07-03 15:34:00,Yes,August
2024-08-15,Thursday,sumo,UK14SV3126,2024-07-03 09:24:00,2024-07-03 16:42:00,No,August
2024-08-15,Thursday,scooter,SK93WI3148,2024-07-03 08:55:00,2024-07-03 16:29:00,No,August
2024-08-15,Thursday,bus,HR69FK8957,2024-07-03 08:03:00,2024-07-03 15:08:00,Yes,August
2024-08-15,Thursday,car,MH93IX1059,2024-07-03 09:33:00,2024-07-03 15:12:00,Yes,August
2024-08-15,Thursday,bus,HP65XO9481,2024-07-03 08:19:00,2024-07-03 15:17:00,No,August
2024-08-15,Thursday,bike,PB07AK2240,2024-07-03 08:17:00,2024-07-03 15:36:00,No,August
2024-08-15,Thursday,car,OD28DE1427,2024-07-03 09:46:00,2024-07-03 16:14:00,Yes,August
2024-08-15,Thursday,bus,GA10FN5336,2024-07-03 08:09:00,2024-07-03 16:28:00,No,August
2024-08-15,Thursday,scooter,PY66XT1219,2024-07-03 08:27:00,2024-07-03 16:28:00,No,August
2024-08-15,Thursday,sumo,RJ91XR4345,2024-07-03 09:18:00,2024-07-03 15:51:00,No,August
2024-08-15,Thursday,sumo,AS32FR8054,2024-07-03 08:49:00,2024-07-03 15:44:00,Yes,August
2024-08-15,Thursday,scooter,UA68NX6476,2024-07-03 09:01:00,2024-07-03 16:39:00,No,August
2024-08-15,Thursday,bike,GJ94YQ0259,2024-07-03 08:00:00,2024-07-03 16:45:00,No,August
2024-08-16,Friday,car,GA48TU7948,2024-07-03 09:50:00,2024-07-03 16:20:00,No,August
2024-08-16,Friday,car,DL88WY4897,2024-07-03 08:48:00,2024-07-03 16:38:00,No,August
2024-08-16,Friday,bus,AR42VW6744,2024-07-03 08:22:00,2024-07-03 16:55:00,No,August
2024-08-16,Friday,scooter,HR33YN7343,2024-07-03 08:00:00,2024-07-03 16:07:00,No,August
2024-08-16,Friday,car,HP25SB3346,2024-07-03 08:36:00,2024-07-03 15:52:00,No,August
2024-08-16,Friday,bus,HR59RP9768,2024-07-03 09:28:00,2024-07-03 16:15:00,Yes,August
2024-08-16,Friday,car,CH46WL1895,2024-07-03 09:53:00,2024-07-03 15:37:00,No,August
2024-08-16,Friday,scooter,UA33JX4153,2024-07-03 09:19:00,2024-07-03 15:58:00,Yes,August
2024-08-16,Friday,car,HP40CH5940,2024-07-03 08:18:00,2024-07-03 16:49:00,No,August
2024-08-16,Friday,bike,AS53JA5916,2024-07-03 09:54:00,2024-07-03 16:01:00,Yes,August
2024-08-16,Friday,bus,UA29AD1511,2024-07-03 09:01:00,2024-07-03 16:36:00,No,August
2024-08-16,Friday,sumo,BR23WL3001,2024-07-03 08:43:00,2024-07-03 16:09:00,No,August
2024-08-16,Friday,bus,MN60LS9184,2024-07-03 08:23:00,2024-07-03 15:20:00,Yes,August
2024-08-16,Friday,bike,MZ19XY3446,2024-07-03 08:53:00,2024-07-03 15:29:00,No,August
2024-08-16,Friday,sumo,KA17YH0534,2024-07-03 09:27:00,2024-07-03 16:01:00,No,August
2024-08-16,Friday,car,UA79TQ5246,2024-07-03 09:07:00,2024-07-03 15:35:00,Yes,August
2024-08-16,Friday,bike,MP12OJ1484,2024-07-03 09:39:00,2024-07-03 16:14:00,Yes,August
2024-08-16,Friday,sumo,DD69AE6809,2024-07-03 09:48:00,2024-07-03 16:39:00,Yes,August
2024-08-16,Friday,car,BR84JC7593,2024-07-03 09:21:00,2024-07-03 16:00:00,Yes,August
2024-08-16,Friday,sumo,OT22QY7501,2024-07-03 08:19:00,2024-07-03 15:53:00,Yes,August
2024-08-17,Saturday,bike,CH29SP5871,2024-07-03 08:20:00,2024-07-03 15:10:00,No,August
2024-08-17,Saturday,scooter,LA97YA0709,2024-07-03 08:02:00,2024-07-03 15:00:00,Yes,August
2024-08-17,Saturday,car,MH46GX1441,2024-07-03 09:49:00,2024-07-03 16:44:00,No,August
2024-08-17,Saturday,sumo,ML57EL9981,2024-07-03 09:37:00,2024-07-03 15:54:00,No,August
2024-08-17,Saturday,scooter,AR48WP3063,2024-07-03 08:18:00,2024-07-03 15:08:00,Yes,August
2024-08-17,Saturday,sumo,DN42TP1409,2024-07-03 09:03:00,2024-07-03 16:37:00,Yes,August
2024-08-17,Saturday,car,TN31VN3962,2024-07-03 09:35:00,2024-07-03 16:47:00,Yes,August
2024-08-17,Saturday,bike,LA52SS3880,2024-07-03 08:19:00,2024-07-03 16:00:00,Yes,August
2024-08-17,Saturday,bus,NL49IF5332,2024-07-03 08:05:00,2024-07-03 15:09:00,Yes,August
2024-08-17,Saturday,scooter,JH17QZ9008,2024-07-03 08:40:00,2024-07-03 15:16:00,Yes,August
2024-08-17,Saturday,bus,PB77IF2114,2024-07-03 09:55:00,2024-07-03 16:51:00,Yes,August
2024-08-17,Saturday,bike,TR60EW0891,2024-07-03 08:13:00,2024-07-03 16:54:00,Yes,August
2024-08-17,Saturday,bus,OT11AE1288,2024-07-03 08:14:00,2024-07-03 16:50:00,Yes,August
2024-08-17,Saturday,bus,CH37XO1308,2024-07-03 08:10:00,2024-07-03 16:44:00,Yes,August
2024-08-18,Sunday,scooter,RJ60TY2668,2024-07-03 09:08:00,2024-07-03 16:51:00,No,August
2024-08-18,Sunday,scooter,PY66FM7769,2024-07-03 08:17:00,2024-07-03 15:35:00,Yes,August
2024-08-18,Sunday,bus,TN83BF7966,2024-07-03 08:06:00,2024-07-03 15:24:00,No,August
2024-08-18,Sunday,bus,JK75YH0206,2024-07-03 08:21:00,2024-07-03 16:20:00,Yes,August
2024-08-18,Sunday,bus,MP51HI1899,2024-07-03 09:28:00,2024-07-03 15:17:00,Yes,August
2024-08-18,Sunday,sumo,OR87WB7029,2024-07-03 08:24:00,2024-07-03 16:47:00,Yes,August
2024-08-18,Sunday,scooter,CH91GV3435,2024-07-03 09:32:00,2024-07-03 15:19:00,No,August
2024-08-18,Sunday,bus,WB24NO9137,2024-07-03 08:18:00,2024-07-03 16:57:00,No,August
2024-08-18,Sunday,scooter,DD79GJ6058,2024-07-03 08:02:00,2024-07-03 15:55:00,No,August
2024-08-18,Sunday,bus,MN64DO4170,2024-07-03 08:02:00,2024-07-03 16:37:00,No,August
2024-08-19,Monday,scooter,GA00NA7676,2024-07-03 09:05:00,2024-07-03 15:48:00,Yes,August
2024-08-19,Monday,car,UK58OQ7867,2024-07-03 09:00:00,2024-07-03 16:48:00,Yes,August
2024-08-19,Monday,bus,OD90XK7001,2024-07-03 08:53:00,2024-07-03 15:04:00,No,August
2024-08-19,Monday,scooter,BR64US0341,2024-07-03 08:16:00,2024-07-03 16:00:00,Yes,August
2024-08-19,Monday,bike,JH71VI8718,2024-07-03 08:07:00,2024-07-03 16:48:00,No,August
2024-08-19,Monday,sumo,UA50TD4501,2024-07-03 09:19:00,2024-07-03 15:33:00,Yes,August
2024-08-19,Monday,car,TR09CC1942,2024-07-03 09:32:00,2024-07-03 15:10:00,No,August
2024-08-19,Monday,sumo,MP20CQ1900,2024-07-03 08:43:00,2024-07-03 16:38:00,Yes,August
2024-08-19,Monday,car,MH94PC6861,2024-07-03 09:57:00,2024-07-03 15:49:00,Yes,August
2024-08-19,Monday,bus,SK26XD9678,2024-07-03 09:37:00,2024-07-03 15:18:00,Yes,August
2024-08-19,Monday,bus,UA53XY9408,2024-07-03 09:27:00,2024-07-03 15:23:00,Yes,August
2024-08-20,Tuesday,scooter,HP39ZN9327,2024-07-03 09:50:00,2024-07-03 16:07:00,Yes,August
2024-08-20,Tuesday,bike,AN97LH3581,2024-07-03 08:09:00,2024-07-03 16:45:00,No,August
2024-08-20,Tuesday,scooter,RJ25NS7770,2024-07-03 09:12:00,2024-07-03 16:45:00,Yes,August
2024-08-20,Tuesday,scooter,LA84ZW6601,2024-07-03 08:38:00,2024-07-03 15:07:00,No,August
2024-08-20,Tuesday,bike,MP29QR0793,2024-07-03 09:42:00,2024-07-03 16:31:00,Yes,August
2024-08-20,Tuesday,bus,OR36NE5981,2024-07-03 09:30:00,2024-07-03 16:16:00,Yes,August
2024-08-20,Tuesday,car,HR57ER5178,2024-07-03 09:39:00,2024-07-03 15:37:00,No,August
2024-08-20,Tuesday,sumo,JK97LC1621,2024-07-03 09:45:00,2024-07-03 15:04:00,No,August
2024-08-20,Tuesday,scooter,GA36NW7511,2024-07-03 08:30:00,2024-07-03 16:52:00,Yes,August
2024-08-20,Tuesday,bus,MN50HO6516,2024-07-03 09:02:00,2024-07-03 16:29:00,No,August
2024-08-20,Tuesday,scooter,DD53VH7607,2024-07-03 09:33:00,2024-07-03 15:24:00,No,August
2024-08-20,Tuesday,scooter,AR75LP1530,2024-07-03 08:37:00,2024-07-03 15:30:00,No,August
2024-08-20,Tuesday,sumo,LD89ME9675,2024-07-03 08:36:00,2024-07-03 15:16:00,No,August
2024-08-20,Tuesday,car,LA26LO1416,2024-07-03 08:14:00,2024-07-03 15:49:00,No,August
2024-08-20,Tuesday,sumo,SK69GB8605,2024-07-03 09:49:00,2024-07-03 15:49:00,Yes,August
2024-08-20,Tuesday,sumo,CH12RF9760,2024-07-03 09:17:00,2024-07-03 15:05:00,Yes,August
2024-08-20,Tuesday,bike,MP39KN3690,2024-07-03 08:44:00,2024-07-03 15:32:00,Yes,August
2024-08-20,Tuesday,scooter,RJ65NO5620,2024-07-03 08:36:00,2024-07-03 16:02:00,No,August
2024-08-20,Tuesday,scooter,WB44LO6836,2024-07-03 09:45:00,2024-07-03 15:47:00,No,August
2024-08-20,Tuesday,car,GA21ZA3338,2024-07-03 09:10:00,2024-07-03 15:25:00,Yes,August
2024-08-20,Tuesday,sumo,TN49HE8832,2024-07-03 08:48:00,2024-07-03 16:05:00,Yes,August
2024-08-20,Tuesday,car,AS15EY5143,2024-07-03 09:13:00,2024-07-03 15:33:00,Yes,August
2024-08-20,Tuesday,scooter,PB05IC7795,2024-07-03 09:33:00,2024-07-03 15:55:00,No,August
2024-08-20,Tuesday,bike,OT37PN2049,2024-07-03 08:54:00,2024-07-03 16:49:00,No,August
2024-08-20,Tuesday,car,HP54DK4685,2024-07-03 08:16:00,2024-07-03 15:01:00,No,August
2024-08-20,Tuesday,bike,JK71IW2361,2024-07-03 08:44:00,2024-07-03 16:06:00,No,August
2024-08-20,Tuesday,bike,DN59VB8918,2024-07-03 08:10:00,2024-07-03 16:31:00,Yes,August
2024-08-20,Tuesday,sumo,DN30TG1887,2024-07-03 09:17:00,2024-07-03 15:07:00,Yes,August
2024-08-21,Wednesday,sumo,CH42YS3402,2024-07-03 08:28:00,2024-07-03 15:27:00,Yes,August
2024-08-21,Wednesday,sumo,DL84BS9827,2024-07-03 08:20:00,2024-07-03 16:37:00,Yes,August
2024-08-21,Wednesday,bus,HP61YV3177,2024-07-03 09:35:00,2024-07-03 15:27:00,Yes,August
2024-08-21,Wednesday,bus,MH67RO3174,2024-07-03 08:25:00,2024-07-03 15:44:00,No,August
2024-08-21,Wednesday,bike,PB19QA3853,2024-07-03 09:34:00,2024-07-03 15:11:00,Yes,August
2024-08-21,Wednesday,scooter,UK27TE9172,2024-07-03 09:22:00,2024-07-03 15:13:00,No,August
2024-08-21,Wednesday,scooter,KL59CD8400,2024-07-03 09:23:00,2024-07-03 15:09:00,No,August
2024-08-21,Wednesday,scooter,LD17KV3872,2024-07-03 08:17:00,2024-07-03 15:25:00,No,August
2024-08-21,Wednesday,car,JH89AU5675,2024-07-03 09:44:00,2024-07-03 16:14:00,No,August
2024-08-21,Wednesday,scooter,WB77BK9005,2024-07-03 09:16:00,2024-07-03 15:37:00,Yes,August
2024-08-21,Wednesday,bus,GA30JF6990,2024-07-03 08:38:00,2024-07-03 16:14:00,No,August
2024-08-21,Wednesday,sumo,AR42XU0155,2024-07-03 08:45:00,2024-07-03 16:28:00,Yes,August
2024-08-21,Wednesday,sumo,UK49TI6324,2024-07-03 09:09:00,2024-07-03 16:53:00,Yes,August
2024-08-21,Wednesday,sumo,TS33FL3529,2024-07-03 08:21:00,2024-07-03 16:21:00,Yes,August
2024-08-21,Wednesday,scooter,TR85XR2051,2024-07-03 09:38:00,2024-07-03 16:56:00,No,August
2024-08-21,Wednesday,bus,MH26FQ3982,2024-07-03 09:06:00,2024-07-03 15:04:00,No,August
2024-08-21,Wednesday,bus,UP67ER0083,2024-07-03 09:04:00,2024-07-03 16:38:00,No,August
2024-08-21,Wednesday,bike,MN92FJ4342,2024-07-03 08:19:00,2024-07-03 16:46:00,No,August
2024-08-21,Wednesday,bike,BR41KO3324,2024-07-03 08:01:00,2024-07-03 15:10:00,Yes,August
2024-08-21,Wednesday,car,GA42GX1425,2024-07-03 08:37:00,2024-07-03 15:40:00,Yes,August
2024-08-21,Wednesday,sumo,MP47HD9598,2024-07-03 08:14:00,2024-07-03 15:14:00,No,August
2024-08-21,Wednesday,bus,MZ32GG6627,2024-07-03 09:38:00,2024-07-03 15:15:00,No,August
2024-08-22,Thursday,scooter,CG13CF7846,2024-07-03 09:08:00,2024-07-03 15:21:00,Yes,August
2024-08-22,Thursday,car,WB50WG5282,2024-07-03 08:43:00,2024-07-03 15:34:00,No,August
2024-08-22,Thursday,bike,PB50PI5952,2024-07-03 09:22:00,2024-07-03 16:42:00,Yes,August
2024-08-22,Thursday,bike,RJ76FU5172,2024-07-03 08:56:00,2024-07-03 16:37:00,No,August
2024-08-22,Thursday,sumo,JK17GD8881,2024-07-03 08:48:00,2024-07-03 15:43:00,No,August
2024-08-22,Thursday,bus,MZ57FB1465,2024-07-03 08:50:00,2024-07-03 16:22:00,Yes,August
2024-08-22,Thursday,scooter,PB98LE2549,2024-07-03 09:55:00,2024-07-03 15:25:00,Yes,August
2024-08-22,Thursday,car,PB56DA6712,2024-07-03 08:36:00,2024-07-03 15:15:00,Yes,August
2024-08-22,Thursday,scooter,AR41DH8278,2024-07-03 09:58:00,2024-07-03 16:13:00,No,August
2024-08-22,Thursday,scooter,RJ43VM7870,2024-07-03 08:55:00,2024-07-03 16:49:00,No,August
2024-08-22,Thursday,scooter,AR82OW0987,2024-07-03 08:42:00,2024-07-03 16:30:00,Yes,August
2024-08-22,Thursday,bike,UP34WM3263,2024-07-03 08:08:00,2024-07-03 16:10:00,Yes,August
2024-08-22,Thursday,bike,WB23HN4833,2024-07-03 08:50:00,2024-07-03 15:23:00,No,August
2024-08-22,Thursday,car,AN69IC2122,2024-07-03 09:42:00,2024-07-03 15:30:00,Yes,August
2024-08-22,Thursday,car,OR88PO7488,2024-07-03 08:32:00,2024-07-03 16:00:00,Yes,August
2024-08-22,Thursday,bike,LA01TO9223,2024-07-03 09:00:00,2024-07-03 15:50:00,Yes,August
2024-08-22,Thursday,scooter,UA54WW9494,2024-07-03 09:50:00,2024-07-03 16:31:00,No,August
2024-08-22,Thursday,car,AR61OL6885,2024-07-03 08:04:00,2024-07-03 15:53:00,No,August
2024-08-22,Thursday,scooter,AR31XF7647,2024-07-03 08:22:00,2024-07-03 15:27:00,Yes,August
2024-08-22,Thursday,bike,UK20OH9721,2024-07-03 08:06:00,2024-07-03 15:01:00,No,August
2024-08-22,Thursday,bike,GA83UT3146,2024-07-03 09:32:00,2024-07-03 16:58:00,Yes,August
2024-08-22,Thursday,car,BR39IF4034,2024-07-03 09:55:00,2024-07-03 16:45:00,No,August
2024-08-22,Thursday,sumo,WB84MG9344,2024-07-03 09:30:00,2024-07-03 16:12:00,Yes,August
2024-08-22,Thursday,scooter,DN47TA6870,2024-07-03 08:50:00,2024-07-03 15:37:00,No,August
2024-08-22,Thursday,car,HR88PN7942,2024-07-03 09:32:00,2024-07-03 15:46:00,No,August
2024-08-22,Thursday,scooter,WB45QU3625,2024-07-03 08:43:00,2024-07-03 15:38:00,Yes,August
2024-08-22,Thursday,bus,SK73NP6284,2024-07-03 08:55:00,2024-07-03 15:58:00,Yes,August
2024-08-22,Thursday,scooter,KL46SA7730,2024-07-03 08:07:00,2024-07-03 15:54:00,No,August
2024-08-22,Thursday,bus,CG71ZT8092,2024-07-03 09:20:00,2024-07-03 15:03:00,No,August
2024-08-23,Friday,bike,MN59UB9284,2024-07-03 09:17:00,2024-07-03 15:11:00,No,August
2024-08-23,Friday,car,BR32WW6414,2024-07-03 08:43:00,2024-07-03 16:09:00,No,August
2024-08-23,Friday,car,RJ89AZ8201,2024-07-03 09:55:00,2024-07-03 15:44:00,Yes,August
